station_id,station_name,obs_time,temp,rh,pressure,wind,wind_dir,rain,risk
C0TB40,崇德,2026-06-15T18:00:00+08:00,25.3,87.0,1005.4,0.7,291.0,1.0,0
C0SD20,富山,2026-06-15T18:00:00+08:00,27.3,83.0,1004.6,1.1,279.0,4.0,0
C0SD30,東清國小,2026-06-15T18:00:00+08:00,29.1,83.0,1006.3,3.8,283.0,0.0,0
C0SD40,牛頭山,2026-06-15T18:00:00+08:00,28.3,84.0,998.6,10.2,197.0,0.0,0
C0AK30,硬漢嶺,2026-06-15T18:00:00+08:00,23.0,85.0,939.5,2.4,239.0,0.0,0
C0TA40,秀林,2026-06-15T18:00:00+08:00,20.9,89.0,906.6,1.1,263.0,2.0,0
C0TA50,和仁,2026-06-15T18:00:00+08:00,25.4,91.0,1004.8,2.2,18.0,1.5,0
C0TA80,立霧山,2026-06-15T18:00:00+08:00,19.7,95.0,888.3,0.7,149.0,2.0,0
C0FA60,鞍馬山工作站,2026-06-15T18:00:00+08:00,13.4,99.0,781.7,2.0,351.0,113.0,50
C0FA70,大雪山埡口,2026-06-15T18:00:00+08:00,,,,,,111.5,50
C0FA80,小雪山天池,2026-06-15T18:00:00+08:00,11.5,95.0,746.7,1.7,340.0,125.0,50
C0FA90,小雪山林道,2026-06-15T18:00:00+08:00,9.4,96.0,717.2,7.0,186.0,63.5,50
C0FB00,大雪山,2026-06-15T18:00:00+08:00,13.8,99.0,779.2,1.4,187.0,113.5,50
C0FB10,出雲山苗圃,2026-06-15T18:00:00+08:00,19.9,92.0,901.0,2.5,172.0,33.0,0
C0FB20,雪山橋,2026-06-15T18:00:00+08:00,15.7,99.0,803.6,1.3,88.0,,0
C0FB30,八仙山苗圃,2026-06-15T18:00:00+08:00,19.6,95.0,905.0,0.3,139.0,43.5,50
C0FB40,中橫21.6k,2026-06-15T18:00:00+08:00,17.9,94.0,863.0,1.9,265.0,48.5,50
C0E940,雪見,2026-06-15T18:00:00+08:00,15.9,94.0,,6.1,213.0,37.5,0
C0E950,松安,2026-06-15T18:00:00+08:00,18.4,94.0,865.0,1.1,116.0,27.0,0
C0E960,觀霧分站,2026-06-15T18:00:00+08:00,14.6,94.0,790.9,3.3,135.0,23.0,0
C0D750,樂山林道6k,2026-06-15T18:00:00+08:00,13.1,99.0,763.4,7.9,39.0,22.0,0
C0D760,大坪苗圃,2026-06-15T18:00:00+08:00,17.9,95.0,858.0,1.3,140.0,9.5,0
C0C790,東眼山,2026-06-15T18:00:00+08:00,20.1,94.0,911.0,0.3,76.0,1.5,0
C0C800,四稜,2026-06-15T18:00:00+08:00,19.8,92.0,880.3,0.5,95.0,2.0,0
C0UB60,明池,2026-06-15T18:00:00+08:00,,,,,,2.0,0
C0UB70,太平山中間站,2026-06-15T18:00:00+08:00,21.4,90.0,910.1,0.3,191.0,2.5,0
C0UB80,翠峰林道6K,2026-06-15T18:00:00+08:00,15.6,94.0,799.6,0.9,329.0,3.0,0
C0UB90,太平山莊,2026-06-15T18:00:00+08:00,17.1,93.0,806.0,1.5,352.0,2.5,0
C0V910,大樹,2026-06-15T18:00:00+08:00,24.5,97.0,1004.5,3.0,338.0,89.0,50
C0AK10,太平里,2026-06-15T18:00:00+08:00,27.4,72.0,1003.9,1.6,218.0,0.0,0
C0SB10,美和,2026-06-15T18:00:00+08:00,27.5,84.0,1003.9,1.9,341.0,7.0,0
C0SB20,富岡,2026-06-15T18:00:00+08:00,27.7,81.0,1002.5,2.2,259.0,3.5,0
C0SB30,新蘭,2026-06-15T18:00:00+08:00,27.8,78.0,999.8,1.9,226.0,3.5,0
C0SB40,興隆,2026-06-15T18:00:00+08:00,27.7,79.0,998.8,1.4,212.0,3.0,0
C0SB50,叭嗡嗡,2026-06-15T18:00:00+08:00,27.3,85.0,1003.6,1.4,12.0,2.5,0
C0SB60,白守蓮,2026-06-15T18:00:00+08:00,26.7,89.0,1004.3,1.1,17.0,2.5,0
C0SB70,小港漁港,2026-06-15T18:00:00+08:00,26.3,92.0,1004.2,1.7,354.0,3.0,0
C0SB80,長濱漁港,2026-06-15T18:00:00+08:00,26.3,92.0,1001.5,2.6,8.0,1.0,0
C0TA10,花蓮漁港,2026-06-15T18:00:00+08:00,26.1,86.0,1004.9,0.4,21.0,1.0,0
C0TA20,加灣,2026-06-15T18:00:00+08:00,25.6,93.0,1003.2,0.2,0.0,1.0,0
C0TA30,鹽寮,2026-06-15T18:00:00+08:00,26.3,84.0,1005.0,0.6,1.0,0.5,0
C0FB70,大甲溪埔,2026-06-15T18:00:00+08:00,26.1,81.0,1003.5,3.0,161.0,9.0,0
C0G9B0,和美,2026-06-15T18:00:00+08:00,26.2,87.0,1005.1,3.5,169.0,19.0,0
C0R860,鼻頭,2026-06-15T18:00:00+08:00,28.3,86.0,1005.0,1.6,164.0,14.0,0
C0R870,興海,2026-06-15T18:00:00+08:00,28.7,90.0,1007.2,2.4,246.0,4.0,0
C0R880,後壁湖,2026-06-15T18:00:00+08:00,28.9,92.0,1007.0,2.8,221.0,1.5,0
C0R890,山海,2026-06-15T18:00:00+08:00,28.6,92.0,1005.8,4.5,250.0,11.0,0
C0R900,竹坑,2026-06-15T18:00:00+08:00,28.6,90.0,1007.5,0.7,241.0,15.5,0
C0R940,加祿堂,2026-06-15T18:00:00+08:00,27.0,86.0,1006.3,1.8,174.0,26.5,0
C0N010,鯤鯓國小,2026-06-15T18:00:00+08:00,24.5,98.0,1007.2,4.2,102.0,64.5,50
C0R910,下寮,2026-06-15T18:00:00+08:00,27.2,94.0,1007.7,2.8,104.0,42.5,50
C0R920,塭仔,2026-06-15T18:00:00+08:00,26.2,96.0,1007.2,3.2,23.0,47.0,50
C0V900,汕尾,2026-06-15T18:00:00+08:00,24.5,98.0,1008.2,3.8,352.0,76.0,50
C0V840,鳳鼻頭,2026-06-15T18:00:00+08:00,25.2,97.0,1007.4,1.9,12.0,86.5,50
C0V850,蚵仔寮,2026-06-15T18:00:00+08:00,24.3,98.0,1007.8,1.2,1.0,116.5,50
C0V860,南寮,2026-06-15T18:00:00+08:00,24.7,99.0,1009.1,1.5,14.0,131.5,50
C0V870,文安,2026-06-15T18:00:00+08:00,25.0,100.0,1008.7,2.1,100.0,124.5,50
C0V880,興達,2026-06-15T18:00:00+08:00,24.6,99.0,1008.8,1.4,74.0,109.5,50
C0N020,城西,2026-06-15T18:00:00+08:00,24.6,100.0,1006.9,3.4,102.0,20.0,0
C0N030,四草,2026-06-15T18:00:00+08:00,24.7,95.0,1008.4,3.3,109.0,124.5,50
C0N040,蘆竹溝,2026-06-15T18:00:00+08:00,24.4,97.0,1007.2,3.4,136.0,73.0,50
C0N050,蚵寮,2026-06-15T18:00:00+08:00,25.0,99.0,1006.6,4.9,145.0,44.5,50
C0V890,前鎮,2026-06-15T18:00:00+08:00,25.0,96.0,1007.5,3.6,333.0,68.0,50
C0AJ90,澳底,2026-06-15T18:00:00+08:00,26.7,90.0,1004.1,0.6,171.0,0.0,0
C0W180,七美,2026-06-15T18:00:00+08:00,24.8,97.0,1003.5,5.6,185.0,127.0,50
C0W190,望安,2026-06-15T18:00:00+08:00,24.4,99.0,1001.7,4.5,166.0,49.0,50
C0W200,湖西,2026-06-15T18:00:00+08:00,25.2,96.0,1006.3,6.5,164.0,42.5,50
C0W220,北竿,2026-06-15T18:00:00+08:00,23.1,100.0,1001.6,6.7,355.0,17.0,0
C0W240,九宮,2026-06-15T18:00:00+08:00,25.9,97.0,1001.3,3.3,206.0,3.5,0
C0R950,萬隆國小,2026-06-15T18:00:00+08:00,25.8,96.0,1002.1,1.4,10.0,67.0,50
C0E570,白沙屯,2026-06-15T18:00:00+08:00,26.3,83.0,1005.2,5.1,192.0,9.5,0
C0R960,內埔,2026-06-15T18:00:00+08:00,25.0,96.0,1004.7,2.0,313.0,74.5,50
C0A770,科教館,2026-06-15T18:00:00+08:00,27.4,77.0,1001.1,1.1,346.0,0.5,0
C0UA80,大溪漁港,2026-06-15T18:00:00+08:00,26.7,88.0,1005.6,0.4,323.0,0.0,0
C0UA90,石城,2026-06-15T18:00:00+08:00,25.9,90.0,1005.9,0.4,287.0,0.5,0
C0B040,大武崙,2026-06-15T18:00:00+08:00,26.7,90.0,1006.4,0.9,68.0,0.0,0
C0AJ20,野柳,2026-06-15T18:00:00+08:00,26.1,88.0,1000.1,3.2,118.0,0.0,0
C0AJ30,淡水觀海,2026-06-15T18:00:00+08:00,27.6,75.0,1003.9,2.1,187.0,0.0,0
C0C720,竹圍,2026-06-15T18:00:00+08:00,26.2,84.0,1005.0,2.7,190.0,0.5,0
C0C730,中大臨海站,2026-06-15T18:00:00+08:00,26.2,80.0,1006.4,1.9,226.0,1.5,0
C0AJ40,石門,2026-06-15T18:00:00+08:00,26.6,76.0,990.8,0.9,211.0,0.5,0
C0C740,觀音工業區,2026-06-15T18:00:00+08:00,26.9,80.0,1005.9,2.1,245.0,1.0,0
C0D670,海天一線,2026-06-15T18:00:00+08:00,26.5,86.0,1004.9,6.2,209.0,2.5,0
C0D680,香山濕地,2026-06-15T18:00:00+08:00,26.3,86.0,1005.2,5.6,216.0,2.5,0
C0AJ50,水湳洞,2026-06-15T18:00:00+08:00,26.7,89.0,1005.2,0.4,149.0,0.0,0
C0B050,八斗子,2026-06-15T18:00:00+08:00,26.8,87.0,1006.7,1.5,117.0,0.0,0
C0D690,外湖,2026-06-15T18:00:00+08:00,27.0,84.0,1005.1,6.8,219.0,0.0,0
C0E910,海埔,2026-06-15T18:00:00+08:00,26.2,82.0,1005.4,4.3,202.0,6.5,0
C0E920,通霄漁港,2026-06-15T18:00:00+08:00,26.5,79.0,1006.6,5.6,194.0,7.0,0
C0FA10,松柏,2026-06-15T18:00:00+08:00,26.1,82.0,1005.8,5.5,173.0,6.5,0
C0FA20,溫寮,2026-06-15T18:00:00+08:00,25.9,87.0,1006.3,4.3,173.0,8.5,0
C0E930,龍鳳,2026-06-15T18:00:00+08:00,26.2,85.0,1006.0,1.9,197.0,5.5,0
C0UB00,淡江大學蘭陽校園,2026-06-15T18:00:00+08:00,24.6,96.0,965.4,0.4,328.0,0.0,0
C0R850,林邊,2026-06-15T18:00:00+08:00,25.9,98.0,1008.1,0.7,360.0,51.5,50
C0AJ60,六塊厝,2026-06-15T18:00:00+08:00,27.1,78.0,1005.2,2.0,196.0,0.0,0
C0AJ70,田寮,2026-06-15T18:00:00+08:00,27.3,78.0,1004.6,2.2,210.0,0.0,0
C0C750,新興坑尾,2026-06-15T18:00:00+08:00,25.4,81.0,998.1,2.4,199.0,0.5,0
C0UB10,蘇澳,2026-06-15T18:00:00+08:00,25.6,90.0,1003.9,1.9,212.0,1.0,0
C0UB20,壯圍,2026-06-15T18:00:00+08:00,26.0,93.0,1005.2,0.7,235.0,0.0,0
C0U880,北關,2026-06-15T18:00:00+08:00,25.7,93.0,1006.5,0.5,336.0,0.5,0
C0G950,防潮門,2026-06-15T18:00:00+08:00,26.1,91.0,1006.1,3.0,163.0,9.5,0
C0FA40,臺中電廠,2026-06-15T18:00:00+08:00,25.6,92.0,1006.3,2.7,172.0,9.0,0
C0G960,福寶,2026-06-15T18:00:00+08:00,25.7,93.0,1007.5,5.6,154.0,12.5,0
C0G970,三豐,2026-06-15T18:00:00+08:00,25.3,91.0,1006.1,6.2,165.0,17.0,0
C0K600,箔子寮,2026-06-15T18:00:00+08:00,24.8,96.0,1007.0,5.6,159.0,26.0,0
C0M880,好美里,2026-06-15T18:00:00+08:00,24.4,99.0,1006.9,4.9,154.0,63.5,50
C0AJ80,板橋,2026-06-15T18:00:00+08:00,27.1,80.0,1003.3,0.4,223.0,0.0,0
C0W110,東莒,2026-06-15T18:00:00+08:00,23.5,95.0,1005.3,7.3,9.0,112.0,50
C0W120,西嶼,2026-06-15T18:00:00+08:00,24.8,96.0,,7.9,158.0,51.0,50
C0W130,花嶼,2026-06-15T18:00:00+08:00,25.5,95.0,1005.3,6.0,163.0,50.0,50
C0W140,金沙,2026-06-15T18:00:00+08:00,25.9,95.0,1004.8,3.8,199.0,1.0,0
C0W150,金寧,2026-06-15T18:00:00+08:00,25.9,95.0,1002.4,4.7,217.0,3.0,0
C0W160,烏坵,2026-06-15T18:00:00+08:00,24.4,99.0,998.0,9.1,206.0,31.5,0
C0AH70,松山,2026-06-15T18:00:00+08:00,27.6,79.0,1003.5,0.8,48.0,0.0,0
C0E870,高鐵苗栗,2026-06-15T18:00:00+08:00,26.4,83.0,1004.0,1.7,228.0,5.5,0
C0K580,高鐵雲林,2026-06-15T18:00:00+08:00,24.7,96.0,1006.1,2.0,164.0,22.0,0
C0C690,國一五楊N44K,2026-06-15T18:00:00+08:00,24.7,83.0,979.4,0.5,34.0,1.0,0
C0B020,基隆嶼,2026-06-15T18:00:00+08:00,26.7,75.0,995.3,2.2,85.0,0.0,0
C0S900,蘭嶼高中,2026-06-15T18:00:00+08:00,28.9,92.0,1006.6,3.1,217.0,0.0,0
C0S910,蘭嶼燈塔,2026-06-15T18:00:00+08:00,27.1,97.0,984.5,5.3,267.0,0.0,0
C0AI20,白沙灣,2026-06-15T18:00:00+08:00,26.9,82.0,1003.5,1.4,249.0,0.5,0
C0V820,小林,2026-06-15T18:00:00+08:00,22.5,100.0,961.9,0.2,0.0,66.5,50
C0C710,大溪永福,2026-06-15T18:00:00+08:00,24.9,97.0,991.1,0.4,39.0,2.0,0
C0U650,玉蘭,2026-06-15T18:00:00+08:00,23.5,92.0,958.5,0.2,0.0,0.5,0
C0U780,五結,2026-06-15T18:00:00+08:00,26.2,89.0,1005.3,0.0,0.0,1.0,0
C0U710,太平山,2026-06-15T18:00:00+08:00,15.8,99.0,806.5,0.3,103.0,3.5,0
C0U720,南山,2026-06-15T18:00:00+08:00,19.5,97.0,883.9,0.4,143.0,0.5,0
C0U520,雙連埤,2026-06-15T18:00:00+08:00,22.2,97.0,951.6,0.3,231.0,0.0,0
C0U860,頭城,2026-06-15T18:00:00+08:00,25.7,99.0,1006.3,0.0,0.0,0.0,0
C0U870,大礁溪,2026-06-15T18:00:00+08:00,24.3,96.0,955.4,0.0,0.0,0.5,0
C0U890,三星,2026-06-15T18:00:00+08:00,25.8,91.0,995.0,0.3,334.0,0.5,0
C0U900,內城,2026-06-15T18:00:00+08:00,26.4,89.0,1001.0,0.0,0.0,0.0,0
C0U910,冬山,2026-06-15T18:00:00+08:00,25.7,89.0,1005.3,1.4,203.0,0.5,0
C0U600,礁溪,2026-06-15T18:00:00+08:00,26.6,94.0,1005.2,0.3,224.0,0.0,0
C0U750,龜山島,2026-06-15T18:00:00+08:00,24.8,76.0,962.1,2.0,339.0,0.0,0
C0A970,三貂角,2026-06-15T18:00:00+08:00,25.2,88.0,997.0,1.9,341.0,0.0,0
C0U940,羅東,2026-06-15T18:00:00+08:00,26.3,98.0,1005.1,0.0,0.0,0.0,0
C0U950,鶯子嶺,2026-06-15T18:00:00+08:00,20.8,76.0,899.2,2.0,80.0,0.0,0
C0U970,大福,2026-06-15T18:00:00+08:00,25.9,89.0,1006.9,0.0,0.0,0.0,0
C0U980,坪林石牌,2026-06-15T18:00:00+08:00,22.7,100.0,944.0,0.0,0.0,0.5,0
C0T820,天祥,2026-06-15T18:00:00+08:00,22.7,98.0,950.0,0.0,0.0,0.5,0
C0Z100,東華,2026-06-15T18:00:00+08:00,25.4,94.0,1003.2,0.0,0.0,1.0,0
C0T870,鯉魚潭,2026-06-15T18:00:00+08:00,25.1,97.0,991.5,0.0,0.0,1.5,0
C0T9B0,水源,2026-06-15T18:00:00+08:00,22.5,97.0,946.7,0.5,288.0,3.0,0
C0T9G0,鳳林山,2026-06-15T18:00:00+08:00,22.4,100.0,942.5,0.0,0.0,4.5,0
C0T960,光復,2026-06-15T18:00:00+08:00,25.3,97.0,993.9,0.0,0.0,2.5,0
C0T900,西林,2026-06-15T18:00:00+08:00,25.1,98.0,987.2,0.1,0.0,3.0,0
C0T9A0,月眉山,2026-06-15T18:00:00+08:00,22.5,100.0,952.6,0.1,0.0,1.0,0
C0T9E0,大坑,2026-06-15T18:00:00+08:00,23.1,100.0,962.3,0.0,0.0,1.0,0
C0T9H0,加路蘭山,2026-06-15T18:00:00+08:00,22.6,86.0,928.4,0.6,201.0,1.5,0
C0T9F0,水璉,2026-06-15T18:00:00+08:00,23.9,97.0,979.2,0.0,0.0,1.5,0
C0T9I0,豐濱,2026-06-15T18:00:00+08:00,25.0,92.0,990.4,0.4,83.0,2.0,0
C0Z020,明里,2026-06-15T18:00:00+08:00,24.8,98.0,982.9,0.3,75.0,5.0,0
C0Z061,玉里,2026-06-15T18:00:00+08:00,25.1,95.0,990.5,0.5,106.0,4.0,0
C0Z070,舞鶴,2026-06-15T18:00:00+08:00,24.0,97.0,979.1,0.0,0.0,4.5,0
C0Z050,佳心,2026-06-15T18:00:00+08:00,21.0,98.0,918.4,0.2,0.0,6.5,0
C0Z080,富源,2026-06-15T18:00:00+08:00,24.1,99.0,974.1,0.0,0.0,4.0,0
C0Z150,吉安光華,2026-06-15T18:00:00+08:00,25.9,91.0,1004.3,0.9,203.0,1.0,0
C0Z160,鳳林,2026-06-15T18:00:00+08:00,25.5,94.0,994.3,0.6,65.0,1.0,0
C0Z170,卓溪,2026-06-15T18:00:00+08:00,25.1,94.0,984.6,0.6,228.0,5.0,0
C0Z180,新城,2026-06-15T18:00:00+08:00,25.7,94.0,1003.5,0.1,0.0,1.0,0
C0Z190,富世,2026-06-15T18:00:00+08:00,25.2,92.0,999.9,0.0,0.0,1.0,0
C0Z200,萬榮,2026-06-15T18:00:00+08:00,25.6,92.0,990.5,0.0,0.0,3.0,0
C0Z210,瑞穗,2026-06-15T18:00:00+08:00,25.5,96.0,994.0,0.3,42.0,4.0,0
C0Z250,瑞穗林道,2026-06-15T18:00:00+08:00,19.9,91.0,886.2,0.5,184.0,6.5,0
C0Z270,蕃薯寮,2026-06-15T18:00:00+08:00,24.0,92.0,969.2,0.3,142.0,1.0,0
C0Z280,德武,2026-06-15T18:00:00+08:00,25.6,94.0,982.5,0.6,117.0,2.5,0
C0Z290,赤柯山,2026-06-15T18:00:00+08:00,22.0,84.0,905.3,1.7,232.0,3.0,0
C0Z300,東里,2026-06-15T18:00:00+08:00,25.5,94.0,987.7,0.3,183.0,4.0,0
C0Z310,清水斷崖,2026-06-15T18:00:00+08:00,23.7,99.0,1000.7,0.6,16.0,1.5,0
C0Z320,清水林道,2026-06-15T18:00:00+08:00,21.8,99.0,937.0,0.8,244.0,6.0,0
C0Z330,安通山,2026-06-15T18:00:00+08:00,22.9,93.0,953.9,0.3,144.0,3.0,0
C0T9M0,靜浦,2026-06-15T18:00:00+08:00,24.9,100.0,997.4,0.4,350.0,1.5,0
C0S830,長濱,2026-06-15T18:00:00+08:00,24.1,98.0,975.5,0.6,341.0,2.5,0
C0S810,東河,2026-06-15T18:00:00+08:00,26.0,88.0,1001.0,2.2,323.0,2.0,0
C0S730,綠島,2026-06-15T18:00:00+08:00,27.8,91.0,993.4,3.2,229.0,0.0,0
C0S660,下馬,2026-06-15T18:00:00+08:00,21.0,97.0,921.8,0.1,0.0,10.0,0
C0S750,向陽,2026-06-15T18:00:00+08:00,13.5,100.0,772.6,0.6,279.0,27.5,0
C0S760,紅石,2026-06-15T18:00:00+08:00,18.4,77.0,837.6,0.4,170.0,17.5,0
C0S740,池上,2026-06-15T18:00:00+08:00,24.7,96.0,975.0,0.0,0.0,8.0,0
C0S710,鹿野,2026-06-15T18:00:00+08:00,23.8,100.0,965.0,1.0,341.0,11.0,0
C0SA80,土坂,2026-06-15T18:00:00+08:00,25.4,92.0,991.9,0.0,0.0,4.5,0
C0S770,大溪山,2026-06-15T18:00:00+08:00,25.6,82.0,965.1,0.5,15.0,3.0,0
C0S840,南田,2026-06-15T18:00:00+08:00,27.1,87.0,1006.5,0.0,0.0,3.5,0
C0S790,金崙,2026-06-15T18:00:00+08:00,27.9,67.0,981.2,3.2,280.0,9.0,0
C0S690,太麻里,2026-06-15T18:00:00+08:00,24.9,74.0,948.9,1.4,253.0,8.0,0
C0S700,知本,2026-06-15T18:00:00+08:00,23.8,91.0,951.5,0.9,152.0,9.5,0
C0T9N0,富里,2026-06-15T18:00:00+08:00,24.8,95.0,977.8,0.0,0.0,6.0,0
C0C700,中壢,2026-06-15T18:00:00+08:00,26.1,79.0,990.4,0.9,160.0,0.5,0
C0X320,柳營,2026-06-15T18:00:00+08:00,24.0,98.0,1005.5,3.0,133.0,60.0,50
C0D700,關西,2026-06-15T18:00:00+08:00,24.4,99.0,988.6,1.0,85.0,3.0,0
C0M860,新美,2026-06-15T18:00:00+08:00,22.2,100.0,946.4,0.0,0.0,69.5,50
C0G920,永靖,2026-06-15T18:00:00+08:00,25.9,90.0,1004.4,2.1,173.0,13.5,0
C0G940,竹塘,2026-06-15T18:00:00+08:00,24.9,94.0,1006.9,0.0,0.0,16.0,0
C0K590,雲林東勢,2026-06-15T18:00:00+08:00,24.7,99.0,1006.7,1.9,160.0,32.5,0
C0R320,車城,2026-06-15T18:00:00+08:00,28.1,92.0,1007.7,1.4,241.0,8.5,0
C0R440,大漢山,2026-06-15T18:00:00+08:00,17.9,100.0,832.3,1.9,106.0,65.5,50
C0R700,枋山,2026-06-15T18:00:00+08:00,28.0,82.0,1006.7,2.5,227.0,8.0,0
C0R660,枋寮,2026-06-15T18:00:00+08:00,26.9,96.0,1007.0,1.7,100.0,15.0,0
C0R670,楓港,2026-06-15T18:00:00+08:00,27.8,92.0,1006.3,2.0,205.0,8.0,0
C0R280,檳榔,2026-06-15T18:00:00+08:00,25.7,100.0,981.0,2.5,286.0,17.5,0
C0R341,牡丹,2026-06-15T18:00:00+08:00,26.6,100.0,981.9,5.8,213.0,13.5,0
C0R680,佳樂水,2026-06-15T18:00:00+08:00,28.5,91.0,1007.3,3.7,273.0,6.0,0
C0R690,墾丁,2026-06-15T18:00:00+08:00,26.5,98.0,981.3,1.9,247.0,3.0,0
C0R720,旭海,2026-06-15T18:00:00+08:00,26.9,84.0,983.5,4.2,236.0,2.0,0
C0R350,貓鼻頭,2026-06-15T18:00:00+08:00,28.3,92.0,1005.0,1.9,257.0,5.0,0
C0R620,墾雷,2026-06-15T18:00:00+08:00,28.4,95.0,1005.8,3.8,107.0,1.5,0
C0R750,四林格山,2026-06-15T18:00:00+08:00,24.9,100.0,947.1,4.4,263.0,27.5,0
C0R730,大坪頂,2026-06-15T18:00:00+08:00,27.7,100.0,990.8,0.8,119.0,19.0,0
C0R710,龍磐,2026-06-15T18:00:00+08:00,27.4,96.0,996.0,3.5,218.0,2.5,0
C0R741,獅子,2026-06-15T18:00:00+08:00,28.0,93.0,1001.8,1.5,194.0,10.5,0
C0U760,東澳,2026-06-15T18:00:00+08:00,24.3,94.0,1005.5,0.0,0.0,2.0,0
C0U770,南澳,2026-06-15T18:00:00+08:00,24.5,99.0,1007.0,2.3,311.0,2.5,0
C0T9D0,和中,2026-06-15T18:00:00+08:00,23.6,98.0,1006.3,0.0,0.0,1.5,0
C0U960,翠峰湖,2026-06-15T18:00:00+08:00,16.2,100.0,812.0,0.1,0.0,3.5,0
C0Z220,和平林道,2026-06-15T18:00:00+08:00,21.9,97.0,943.5,1.0,253.0,2.0,0
C0Z230,和平,2026-06-15T18:00:00+08:00,25.5,89.0,1004.5,1.6,296.0,1.0,0
C0UA60,樟樹山,2026-06-15T18:00:00+08:00,22.1,99.0,944.9,2.2,268.0,3.0,0
C0UA70,桃源谷,2026-06-15T18:00:00+08:00,23.5,90.0,947.5,4.2,12.0,0.0,0
C0UA50,西帽山,2026-06-15T18:00:00+08:00,20.6,96.0,919.4,0.3,10.0,2.5,0
C0UA40,西德山,2026-06-15T18:00:00+08:00,19.0,95.0,886.5,2.2,16.0,2.5,0
C0AH90,福山植物園,2026-06-15T18:00:00+08:00,22.4,98.0,936.2,0.0,0.0,0.5,0
C0UA10,鴛鴦湖,2026-06-15T18:00:00+08:00,17.5,99.0,829.7,0.0,0.0,4.5,0
C0UA30,白嶺,2026-06-15T18:00:00+08:00,18.5,100.0,858.2,0.0,0.0,3.5,0
C0UA00,土場,2026-06-15T18:00:00+08:00,23.2,96.0,964.5,1.1,281.0,2.0,0
C0U990,員山,2026-06-15T18:00:00+08:00,26.7,95.0,1003.7,0.0,0.0,0.5,0
C0C620,蘆竹,2026-06-15T18:00:00+08:00,26.1,85.0,1003.9,,,0.0,0
C0D540,橫山,2026-06-15T18:00:00+08:00,23.8,99.0,982.5,0.0,0.0,5.0,0
C0D590,新豐,2026-06-15T18:00:00+08:00,24.6,99.0,991.7,2.3,229.0,4.5,0
C0D550,雪霸,2026-06-15T18:00:00+08:00,15.0,99.0,809.1,0.2,0.0,12.5,0
C0D560,竹東,2026-06-15T18:00:00+08:00,24.8,100.0,990.9,0.9,87.0,2.5,0
C0C650,平鎮,2026-06-15T18:00:00+08:00,24.6,87.0,983.5,0.8,222.0,0.0,0
C0C630,大溪,2026-06-15T18:00:00+08:00,24.8,90.0,983.4,0.7,127.0,3.0,0
C0E730,頭份,2026-06-15T18:00:00+08:00,26.2,81.0,1002.5,0.4,217.0,4.5,0
C0D580,寶山,2026-06-15T18:00:00+08:00,24.2,98.0,993.1,0.0,0.0,3.5,0
C0E820,獅潭,2026-06-15T18:00:00+08:00,23.4,93.0,982.5,3.4,212.0,8.0,0
C0C660,楊梅,2026-06-15T18:00:00+08:00,25.3,81.0,987.4,1.2,161.0,2.5,0
C0D650,湖口,2026-06-15T18:00:00+08:00,25.5,79.0,996.0,1.9,226.0,2.5,0
C0C670,龍潭,2026-06-15T18:00:00+08:00,24.1,90.0,979.3,0.7,193.0,3.5,0
C0D660,新竹市東區,2026-06-15T18:00:00+08:00,24.9,82.0,999.3,1.1,176.0,3.0,0
C0E850,大河,2026-06-15T18:00:00+08:00,26.0,76.0,994.1,1.8,180.0,3.5,0
C0F9Y0,桃山,2026-06-15T18:00:00+08:00,8.7,100.0,686.2,2.7,223.0,6.0,0
C0F9Z0,雪山東峰,2026-06-15T18:00:00+08:00,9.8,94.0,695.8,6.0,220.0,17.0,0
C0F0A0,雪山圈谷,2026-06-15T18:00:00+08:00,7.4,100.0,663.6,4.2,180.0,29.5,0
C0C680,龜山,2026-06-15T18:00:00+08:00,24.8,87.0,980.0,0.4,176.0,0.5,0
C0F0D0,審馬陣,2026-06-15T18:00:00+08:00,9.2,100.0,697.2,4.6,145.0,16.0,0
C0F0E0,南湖圈谷,2026-06-15T18:00:00+08:00,7.3,100.0,665.0,3.1,76.0,17.5,0
C0E750,苗栗,2026-06-15T18:00:00+08:00,26.8,71.0,999.1,4.1,198.0,3.5,0
C0E780,銅鑼,2026-06-15T18:00:00+08:00,24.6,91.0,989.1,1.7,210.0,6.0,0
C0E810,西湖,2026-06-15T18:00:00+08:00,24.3,92.0,1001.7,1.9,208.0,8.0,0
C0F9K0,大安,2026-06-15T18:00:00+08:00,25.3,88.0,1003.5,3.7,183.0,9.0,0
C0F9L0,后里,2026-06-15T18:00:00+08:00,26.5,72.0,979.7,1.4,182.0,20.0,0
C0F9M0,豐原,2026-06-15T18:00:00+08:00,28.0,73.0,981.0,1.8,168.0,17.5,0
C0F9O0,潭子,2026-06-15T18:00:00+08:00,26.5,80.0,986.3,1.7,181.0,16.5,0
C0F9P0,清水,2026-06-15T18:00:00+08:00,25.8,86.0,1004.1,3.8,196.0,8.0,0
C0F9Q0,外埔,2026-06-15T18:00:00+08:00,25.9,87.0,,0.9,179.0,19.0,0
C0F9R0,龍井,2026-06-15T18:00:00+08:00,25.9,89.0,1005.6,2.1,194.0,14.5,0
C0G890,伸港,2026-06-15T18:00:00+08:00,26.0,88.0,1005.0,3.8,159.0,13.0,0
C0E830,苑裡,2026-06-15T18:00:00+08:00,26.2,80.0,1002.7,5.1,180.0,8.0,0
C0F0B0,石岡,2026-06-15T18:00:00+08:00,26.5,75.0,971.1,1.8,168.0,16.0,0
C0F0C0,中坑,2026-06-15T18:00:00+08:00,19.3,93.0,901.0,3.1,184.0,24.0,0
C0I370,魚池,2026-06-15T18:00:00+08:00,22.4,99.0,936.7,0.0,0.0,17.0,0
C0I420,國姓,2026-06-15T18:00:00+08:00,23.7,97.0,975.5,0.0,0.0,23.5,0
C0I390,仁愛,2026-06-15T18:00:00+08:00,19.4,97.0,885.4,0.4,96.0,27.5,0
C0I360,水里,2026-06-15T18:00:00+08:00,24.2,94.0,974.9,2.1,123.0,14.5,0
C0I380,集集,2026-06-15T18:00:00+08:00,24.3,99.0,979.4,2.2,123.0,15.5,0
C0I410,名間,2026-06-15T18:00:00+08:00,24.5,99.0,988.4,1.9,185.0,16.0,0
C0I490,萬大林道,2026-06-15T18:00:00+08:00,16.8,97.0,841.3,0.0,0.0,15.0,0
C0I480,梅峰,2026-06-15T18:00:00+08:00,13.7,99.0,788.6,0.4,145.0,43.5,50
C0I520,玉山風口,2026-06-15T18:00:00+08:00,6.1,100.0,641.5,15.3,277.0,,0
C0I530,小奇萊,2026-06-15T18:00:00+08:00,9.1,100.0,701.1,9.0,220.0,66.0,50
C0I540,奇萊稜線,2026-06-15T18:00:00+08:00,8.1,100.0,682.5,8.6,249.0,,0
C0F9N0,大里,2026-06-15T18:00:00+08:00,27.3,84.0,1000.2,0.8,203.0,12.5,0
C0F9S0,烏日,2026-06-15T18:00:00+08:00,26.0,88.0,1002.9,1.8,166.0,15.0,0
C0F9T0,西屯,2026-06-15T18:00:00+08:00,26.2,82.0,995.5,1.0,172.0,22.5,0
C0F9U0,南屯,2026-06-15T18:00:00+08:00,26.2,86.0,999.9,0.7,100.0,17.0,0
C0G770,福興,2026-06-15T18:00:00+08:00,25.9,89.0,1005.8,2.4,168.0,22.5,0
C0G780,秀水,2026-06-15T18:00:00+08:00,26.5,93.0,1004.9,3.1,162.0,,0
C0G800,埔鹽,2026-06-15T18:00:00+08:00,26.2,90.0,1006.6,3.0,196.0,23.0,0
C0G810,埔心,2026-06-15T18:00:00+08:00,27.1,94.0,1003.8,1.8,173.0,14.0,0
C0G820,田尾,2026-06-15T18:00:00+08:00,27.0,94.0,1003.9,1.2,148.0,15.5,0
C0G830,埤頭,2026-06-15T18:00:00+08:00,26.3,97.0,1004.8,3.2,176.0,15.0,0
C0G860,社頭,2026-06-15T18:00:00+08:00,26.6,90.0,1003.2,2.0,159.0,15.0,0
C0G880,二水,2026-06-15T18:00:00+08:00,26.6,92.0,997.9,0.9,132.0,16.0,0
C0E740,造橋,2026-06-15T18:00:00+08:00,24.8,90.0,1003.7,1.1,237.0,5.5,0
C0D360,梅花,2026-06-15T18:00:00+08:00,23.1,97.0,948.1,0.0,0.0,5.5,0
C0A530,坪林,2026-06-15T18:00:00+08:00,24.7,96.0,972.0,0.0,0.0,0.5,0
C0A550,泰平,2026-06-15T18:00:00+08:00,24.9,100.0,961.8,0.0,0.0,0.0,0
C0A870,五指山,2026-06-15T18:00:00+08:00,22.1,95.0,928.3,2.6,259.0,0.0,0
C0AH00,汐止,2026-06-15T18:00:00+08:00,28.8,88.0,1001.3,1.2,197.0,0.0,0
C0AC60,三峽,2026-06-15T18:00:00+08:00,27.1,94.0,1001.9,0.0,0.0,2.0,0
C0AC70,信義,2026-06-15T18:00:00+08:00,28.2,72.0,998.9,0.5,48.0,0.0,0
C0AC80,文山,2026-06-15T18:00:00+08:00,27.5,99.0,1001.1,0.0,0.0,0.0,0
C0ACA0,新莊,2026-06-15T18:00:00+08:00,27.3,78.0,1003.3,0.9,251.0,0.0,0
C0A520,山佳,2026-06-15T18:00:00+08:00,27.0,90.0,1001.5,0.1,0.0,1.0,0
C0A570,桶後,2026-06-15T18:00:00+08:00,23.8,91.0,966.4,0.0,0.0,0.5,0
C0A890,雙溪,2026-06-15T18:00:00+08:00,28.9,87.0,1001.8,0.0,0.0,0.0,0
C0UA20,多加屯,2026-06-15T18:00:00+08:00,,,737.2,6.1,197.0,21.0,0
C0A950,鼻頭角,2026-06-15T18:00:00+08:00,,,,,,0.0,0
C0A860,大坪,2026-06-15T18:00:00+08:00,24.0,85.0,966.8,0.8,214.0,0.0,0
C0A931,三和,2026-06-15T18:00:00+08:00,26.1,89.0,980.3,0.1,0.0,0.0,0
C0A940,金山,2026-06-15T18:00:00+08:00,26.9,76.0,1002.3,0.0,0.0,0.0,0
C0A640,石碇,2026-06-15T18:00:00+08:00,25.3,89.0,982.2,0.0,0.0,0.0,0
C0C460,復興,2026-06-15T18:00:00+08:00,23.4,98.0,955.2,0.0,0.0,1.5,0
C0C490,八德,2026-06-15T18:00:00+08:00,25.4,89.0,989.1,0.5,143.0,1.5,0
C0A9F0,內湖,2026-06-15T18:00:00+08:00,29.9,73.0,1003.0,0.0,0.0,0.0,0
C0AG80,中和,2026-06-15T18:00:00+08:00,27.0,100.0,1002.0,0.2,0.0,0.0,0
C0B060,暖暖,2026-06-15T18:00:00+08:00,28.0,90.0,998.1,0.0,0.0,0.0,0
C0A9C0,天母,2026-06-15T18:00:00+08:00,28.5,72.0,1004.0,0.8,28.0,0.0,0
C0A980,社子,2026-06-15T18:00:00+08:00,27.2,81.0,1006.6,0.0,0.0,0.5,0
C0AC40,大屯山,2026-06-15T18:00:00+08:00,20.5,98.0,890.1,11.0,239.0,0.5,0
C0AD10,八里,2026-06-15T18:00:00+08:00,27.8,75.0,1002.4,1.8,266.0,0.0,0
C0AD30,蘆洲,2026-06-15T18:00:00+08:00,28.1,80.0,1002.8,0.0,0.0,0.0,0
C0AD40,土城,2026-06-15T18:00:00+08:00,25.5,89.0,1002.6,0.3,274.0,1.0,0
C0AD50,鶯歌,2026-06-15T18:00:00+08:00,26.7,97.0,997.0,1.3,184.0,1.5,0
C0AH10,永和,2026-06-15T18:00:00+08:00,27.7,85.0,1003.4,1.0,85.0,0.0,0
C0AH30,五分山,2026-06-15T18:00:00+08:00,,,,,,1.0,0
C0AH40,平等,2026-06-15T18:00:00+08:00,24.8,89.0,958.3,1.1,336.0,0.0,0
C0AH50,林口,2026-06-15T18:00:00+08:00,25.9,86.0,976.2,1.1,204.0,0.5,0
C0AH80,深坑,2026-06-15T18:00:00+08:00,27.3,94.0,996.8,0.3,109.0,0.0,0
C0B010,七堵,2026-06-15T18:00:00+08:00,29.5,91.0,1005.0,0.7,165.0,0.0,0
C0AI00,五股,2026-06-15T18:00:00+08:00,25.9,90.0,986.5,1.5,207.0,0.0,0
C0AI10,屈尺,2026-06-15T18:00:00+08:00,27.8,97.0,997.4,0.7,159.0,0.5,0
C0AI30,三重,2026-06-15T18:00:00+08:00,28.5,82.0,1004.7,1.0,49.0,0.0,0
C0AI40,石牌,2026-06-15T18:00:00+08:00,29.4,73.0,1003.4,1.6,341.0,0.0,0
C0S920,金峰嘉蘭,2026-06-15T18:00:00+08:00,26.2,77.0,990.8,1.3,268.0,10.5,0
C0S930,延平,2026-06-15T18:00:00+08:00,24.5,97.0,979.5,0.0,0.0,11.5,0
C0S940,石寧山,2026-06-15T18:00:00+08:00,24.7,99.0,989.7,1.3,20.0,2.0,0
C0S950,七塊厝,2026-06-15T18:00:00+08:00,23.3,93.0,961.9,0.9,189.0,4.0,0
C0SA60,知本(水試所),2026-06-15T18:00:00+08:00,27.2,92.0,1005.6,0.6,332.0,5.5,0
C0S960,香蘭,2026-06-15T18:00:00+08:00,27.8,75.0,1002.5,3.1,310.0,6.0,0
C0S970,加津林,2026-06-15T18:00:00+08:00,26.8,87.0,1004.9,1.3,291.0,1.5,0
C0S980,勝林山,2026-06-15T18:00:00+08:00,21.7,85.0,909.8,1.5,262.0,2.5,0
C0S990,山豬窟,2026-06-15T18:00:00+08:00,24.9,90.0,962.5,3.4,242.0,11.5,0
C0SA00,歷坵,2026-06-15T18:00:00+08:00,23.8,90.0,955.3,1.7,293.0,3.5,0
C0SA10,檳榔四格山,2026-06-15T18:00:00+08:00,23.9,90.0,961.3,1.0,168.0,8.0,0
C0SA20,金崙山,2026-06-15T18:00:00+08:00,23.3,74.0,914.2,3.5,234.0,10.0,0
C0SA30,都歷,2026-06-15T18:00:00+08:00,26.0,85.0,997.0,0.0,0.0,2.5,0
C0SA90,達仁林場,2026-06-15T18:00:00+08:00,24.2,97.0,951.9,1.2,300.0,16.5,0
C0R840,牡丹池山,2026-06-15T18:00:00+08:00,23.7,100.0,948.9,5.4,269.0,6.5,0
C0R830,高士,2026-06-15T18:00:00+08:00,24.9,97.0,965.2,2.8,175.0,7.5,0
C0R820,白鷺,2026-06-15T18:00:00+08:00,23.8,100.0,944.9,1.1,324.0,53.5,50
C0R810,內獅,2026-06-15T18:00:00+08:00,26.2,96.0,1006.2,1.3,259.0,18.5,0
C0R800,丹路,2026-06-15T18:00:00+08:00,27.7,100.0,993.1,3.0,226.0,8.0,0
C0R790,九棚,2026-06-15T18:00:00+08:00,27.7,84.0,996.3,5.2,213.0,5.5,0
C0R780,滿州,2026-06-15T18:00:00+08:00,28.2,91.0,1002.0,2.8,230.0,4.5,0
C0R770,保力,2026-06-15T18:00:00+08:00,27.7,95.0,998.1,3.0,253.0,21.0,0
C0R760,南仁湖,2026-06-15T18:00:00+08:00,25.6,99.0,970.9,2.9,234.0,18.0,0
C0H9C0,合歡山頂,2026-06-15T18:00:00+08:00,9.0,100.0,678.1,5.1,328.0,90.5,50
C0F970,大坑,2026-06-15T18:00:00+08:00,27.9,75.0,991.5,1.0,161.0,18.0,0
C0G660,溪湖,2026-06-15T18:00:00+08:00,26.6,88.0,1005.7,0.6,134.0,15.0,0
C0G650,員林,2026-06-15T18:00:00+08:00,27.3,90.0,1003.5,1.7,164.0,13.0,0
C0H960,草屯,2026-06-15T18:00:00+08:00,25.8,95.0,995.0,1.8,184.0,10.0,0
C0G620,芬園,2026-06-15T18:00:00+08:00,24.3,99.0,994.9,0.1,0.0,17.0,0
C0F850,東勢,2026-06-15T18:00:00+08:00,26.8,73.0,966.3,1.7,173.0,19.0,0
C0I110,竹山,2026-06-15T18:00:00+08:00,25.0,83.0,990.5,0.1,0.0,22.5,0
C0E610,馬都安,2026-06-15T18:00:00+08:00,21.0,91.0,915.8,,,14.5,0
C0E550,明德,2026-06-15T18:00:00+08:00,26.9,72.0,997.9,2.5,270.0,3.5,0
C0E590,通霄,2026-06-15T18:00:00+08:00,25.9,82.0,1002.1,3.3,184.0,6.0,0
C0F9I0,神岡,2026-06-15T18:00:00+08:00,24.8,87.0,986.0,2.9,181.0,17.5,0
C0E791,卓蘭,2026-06-15T18:00:00+08:00,26.9,74.0,967.0,3.9,178.0,16.5,0
C0F9V0,新社,2026-06-15T18:00:00+08:00,,,949.5,2.9,167.0,22.0,0
C0H890,埔里,2026-06-15T18:00:00+08:00,23.6,95.0,960.1,0.0,0.0,17.0,0
C0I080,信義,2026-06-15T18:00:00+08:00,22.1,99.0,953.2,0.2,0.0,18.5,0
C0H990,昆陽,2026-06-15T18:00:00+08:00,9.3,100.0,705.8,8.1,219.0,29.5,0
C0I010,廬山,2026-06-15T18:00:00+08:00,17.1,99.0,848.0,0.2,0.0,30.5,0
C0T790,大禹嶺,2026-06-15T18:00:00+08:00,,,,,,,0
C0H9A0,神木村,2026-06-15T18:00:00+08:00,17.5,99.0,845.2,0.0,0.0,59.5,50
C0F9X0,大雅,2026-06-15T18:00:00+08:00,24.8,91.0,989.0,4.1,195.0,17.5,0
C0I460,南投,2026-06-15T18:00:00+08:00,26.3,99.0,996.1,2.7,213.0,11.0,0
C0G910,花壇,2026-06-15T18:00:00+08:00,27.8,95.0,1004.0,4.1,148.0,15.5,0
C0G900,線西,2026-06-15T18:00:00+08:00,25.7,91.0,1004.4,3.1,214.0,9.5,0
C0FA50,霧峰,2026-06-15T18:00:00+08:00,25.4,87.0,999.5,1.6,108.0,13.0,0
C0K330,虎尾,2026-06-15T18:00:00+08:00,24.6,92.0,1004.3,1.9,174.0,24.5,0
C0K291,宜梧,2026-06-15T18:00:00+08:00,24.6,97.0,1008.3,1.8,160.0,36.0,0
C0M520,東後寮,2026-06-15T18:00:00+08:00,24.1,99.0,1007.0,1.4,149.0,60.5,50
C0X050,東河,2026-06-15T18:00:00+08:00,23.8,99.0,1005.6,2.1,112.0,66.5,50
C0X080,佳里,2026-06-15T18:00:00+08:00,24.2,98.0,1008.7,2.8,114.0,83.5,50
C0G730,二林,2026-06-15T18:00:00+08:00,25.5,96.0,1006.4,3.3,183.0,21.5,0
C0X210,白河,2026-06-15T18:00:00+08:00,24.2,99.0,1003.4,2.6,150.0,67.0,50
C0M720,番路,2026-06-15T18:00:00+08:00,23.0,98.0,984.0,3.1,127.0,64.5,50
C0X250,新營,2026-06-15T18:00:00+08:00,24.4,99.0,1005.7,0.5,152.0,65.0,50
C0X280,將軍,2026-06-15T18:00:00+08:00,24.2,100.0,1006.9,1.1,135.0,,0
C0K430,褒忠,2026-06-15T18:00:00+08:00,24.8,94.0,1006.2,5.0,164.0,25.0,0
C0M660,溪口,2026-06-15T18:00:00+08:00,24.8,93.0,1005.1,3.3,167.0,29.0,0
C0K440,二崙,2026-06-15T18:00:00+08:00,25.0,95.0,1005.1,3.4,181.0,19.0,0
C0M700,竹崎,2026-06-15T18:00:00+08:00,23.4,97.0,993.1,2.7,147.0,,0
C0M640,中埔,2026-06-15T18:00:00+08:00,23.4,94.0,991.9,2.8,111.0,49.0,50
C0X230,鹽水,2026-06-15T18:00:00+08:00,24.3,99.0,1007.4,2.9,132.0,58.0,50
C0X220,學甲,2026-06-15T18:00:00+08:00,24.1,99.0,1006.2,3.1,136.0,63.5,50
C0X260,後壁,2026-06-15T18:00:00+08:00,,,,,,,0
C0K420,西螺,2026-06-15T18:00:00+08:00,25.1,91.0,1004.0,2.6,186.0,19.0,0
C0K390,土庫,2026-06-15T18:00:00+08:00,24.7,94.0,1005.5,3.8,177.0,27.5,0
C0M670,大林,2026-06-15T18:00:00+08:00,24.6,93.0,1003.6,2.1,162.0,31.0,0
C0M710,東石,2026-06-15T18:00:00+08:00,24.9,95.0,1007.4,4.5,145.0,68.5,50
C0M690,水上,2026-06-15T18:00:00+08:00,24.4,100.0,1004.8,1.7,134.0,55.0,50
C0M730,嘉義市東區,2026-06-15T18:00:00+08:00,24.4,99.0,1004.2,1.5,126.0,51.5,50
C0X240,關子嶺,2026-06-15T18:00:00+08:00,22.4,99.0,966.5,0.8,183.0,63.5,50
C0O970,虎頭埤,2026-06-15T18:00:00+08:00,24.6,89.0,1002.0,2.0,84.0,103.5,50
C0O990,媽廟,2026-06-15T18:00:00+08:00,24.8,100.0,1007.5,2.2,116.0,110.0,50
C0O960,崎頂,2026-06-15T18:00:00+08:00,24.7,94.0,996.1,1.2,78.0,109.5,50
C0O980,新市,2026-06-15T18:00:00+08:00,25.3,93.0,1008.1,1.4,110.0,96.0,50
C0O830,北寮,2026-06-15T18:00:00+08:00,25.0,90.0,996.2,0.0,0.0,78.0,50
C0O900,善化,2026-06-15T18:00:00+08:00,25.0,99.0,1008.1,2.2,119.0,91.5,50
C0V210,復興,2026-06-15T18:00:00+08:00,22.7,94.0,930.0,0.0,0.0,84.5,50
C0O840,王爺宮,2026-06-15T18:00:00+08:00,23.8,94.0,993.1,1.1,102.0,79.5,50
C0O860,大內,2026-06-15T18:00:00+08:00,24.5,97.0,1004.7,1.6,114.0,90.5,50
C0V530,阿蓮,2026-06-15T18:00:00+08:00,24.5,92.0,1005.8,0.9,93.0,107.5,50
C0X100,臺南市北區,2026-06-15T18:00:00+08:00,25.0,99.0,1006.2,2.9,109.0,113.0,50
C0X110,臺南市南區,2026-06-15T18:00:00+08:00,25.4,93.0,1007.0,2.0,132.0,117.5,50
C0X190,安平,2026-06-15T18:00:00+08:00,24.6,99.0,1007.8,2.2,101.0,111.5,50
C0X120,麻豆,2026-06-15T18:00:00+08:00,25.3,99.0,1006.5,2.4,115.0,92.5,50
C0X150,安定,2026-06-15T18:00:00+08:00,25.1,99.0,1007.3,1.8,146.0,90.0,50
C0X180,山上,2026-06-15T18:00:00+08:00,24.7,94.0,1001.9,2.6,119.0,89.5,50
C0X170,關廟,2026-06-15T18:00:00+08:00,24.9,93.0,1003.7,1.6,101.0,106.5,50
C0X130,官田,2026-06-15T18:00:00+08:00,24.7,100.0,1005.4,0.3,118.0,76.5,50
C0X140,西港,2026-06-15T18:00:00+08:00,24.9,91.0,1007.5,1.8,99.0,105.5,50
C0X160,仁德,2026-06-15T18:00:00+08:00,25.7,94.0,1006.5,1.0,94.0,106.5,50
C0X200,左鎮,2026-06-15T18:00:00+08:00,25.3,95.0,1003.0,1.1,79.0,90.0,50
C0M850,表湖,2026-06-15T18:00:00+08:00,21.3,99.0,931.8,0.8,62.0,78.0,50
C0R600,舊泰武,2026-06-15T18:00:00+08:00,22.6,97.0,926.1,1.0,31.0,88.5,50
C0V790,萬山,2026-06-15T18:00:00+08:00,22.2,91.0,963.0,3.5,259.0,71.0,50
C0V800,六龜,2026-06-15T18:00:00+08:00,23.8,93.0,979.4,0.2,0.0,104.0,50
C0R590,里港,2026-06-15T18:00:00+08:00,24.0,94.0,1001.7,2.9,2.0,78.5,50
C0V810,左營,2026-06-15T18:00:00+08:00,24.2,97.0,1004.3,2.0,330.0,83.5,50
C0R640,東港,2026-06-15T18:00:00+08:00,25.2,96.0,1007.3,3.7,328.0,74.5,50
C0R650,竹田,2026-06-15T18:00:00+08:00,25.9,92.0,1006.1,3.6,337.0,81.5,50
C0R930,萬丹,2026-06-15T18:00:00+08:00,25.2,94.0,1006.0,2.4,311.0,73.0,50
C0R130,阿禮,2026-06-15T18:00:00+08:00,19.9,93.0,894.2,1.8,270.0,51.0,50
C0R140,瑪家,2026-06-15T18:00:00+08:00,21.3,99.0,936.6,1.6,327.0,93.0,50
C0V350,溪埔,2026-06-15T18:00:00+08:00,24.4,99.0,1006.5,0.4,24.0,75.0,50
C0R100,尾寮山,2026-06-15T18:00:00+08:00,,,,,,,0
C0V400,阿公店,2026-06-15T18:00:00+08:00,25.5,99.0,1002.3,2.3,57.0,123.5,50
C0V360,內門,2026-06-15T18:00:00+08:00,23.7,95.0,999.4,0.0,0.0,99.0,50
C0V370,古亭坑,2026-06-15T18:00:00+08:00,24.0,90.0,1002.1,0.4,57.0,119.0,50
C0R270,琉球嶼,2026-06-15T18:00:00+08:00,29.1,92.0,1001.3,1.9,250.0,20.0,0
C0V440,鳳山,2026-06-15T18:00:00+08:00,25.2,99.0,1006.8,1.9,2.0,82.5,50
C0R160,鹽埔,2026-06-15T18:00:00+08:00,24.3,95.0,1003.4,3.5,352.0,63.0,50
C0V450,鳳森,2026-06-15T18:00:00+08:00,24.4,98.0,1002.8,2.6,10.0,86.5,50
C0R190,赤山,2026-06-15T18:00:00+08:00,26.5,94.0,1004.3,0.7,314.0,91.0,50
C0R150,三地門,2026-06-15T18:00:00+08:00,24.4,92.0,996.6,0.0,0.0,49.5,50
C0R220,潮州,2026-06-15T18:00:00+08:00,26.3,92.0,1006.2,0.4,13.0,45.0,50
C0V490,新興,2026-06-15T18:00:00+08:00,24.6,95.0,1006.6,1.7,328.0,84.5,50
C0V640,湖內,2026-06-15T18:00:00+08:00,24.0,99.0,1006.1,0.8,100.0,114.5,50
C0V620,永安,2026-06-15T18:00:00+08:00,24.3,99.0,1007.6,1.1,105.0,135.5,50
C0V770,大社,2026-06-15T18:00:00+08:00,,,,,,104.5,50
C0V610,梓官,2026-06-15T18:00:00+08:00,24.5,98.0,1006.6,1.7,339.0,141.0,50
C0V750,路竹,2026-06-15T18:00:00+08:00,25.4,92.0,1005.3,1.3,95.0,146.0,50
C0V630,茄萣,2026-06-15T18:00:00+08:00,24.8,99.0,1008.0,1.7,108.0,126.0,50
C0V660,岡山,2026-06-15T18:00:00+08:00,25.3,92.0,1007.5,0.3,8.0,145.5,50
C0V650,彌陀,2026-06-15T18:00:00+08:00,24.8,97.0,1009.3,0.5,33.0,127.0,50
C0V760,橋頭,2026-06-15T18:00:00+08:00,25.5,90.0,1006.6,0.5,348.0,149.0,50
C0V680,仁武,2026-06-15T18:00:00+08:00,25.9,96.0,1005.4,2.0,9.0,76.0,50
C0V700,三民,2026-06-15T18:00:00+08:00,25.4,96.0,1006.0,1.3,313.0,79.0,50
C0V690,鼓山,2026-06-15T18:00:00+08:00,24.1,100.0,1006.9,2.7,14.0,86.0,50
C0V710,苓雅,2026-06-15T18:00:00+08:00,25.5,96.0,1005.4,2.8,339.0,76.0,50
C0V740,旗山,2026-06-15T18:00:00+08:00,24.9,90.0,1002.9,1.8,328.0,131.0,50
C0R480,長治,2026-06-15T18:00:00+08:00,25.8,92.0,1002.8,1.0,316.0,58.5,50
C0R570,麟洛,2026-06-15T18:00:00+08:00,26.4,96.0,1004.2,,,53.0,50
C0R580,南州,2026-06-15T18:00:00+08:00,26.9,92.0,1006.5,3.5,359.0,75.5,50
C0R540,佳冬,2026-06-15T18:00:00+08:00,26.8,96.0,1006.0,2.0,68.0,56.5,50
C0R470,高樹,2026-06-15T18:00:00+08:00,24.4,,997.7,2.3,315.0,59.5,50
C0V730,大寮,2026-06-15T18:00:00+08:00,25.3,98.0,1005.5,2.7,9.0,67.5,50
C0R560,新園,2026-06-15T18:00:00+08:00,26.2,92.0,1006.6,2.3,322.0,95.5,50
C0R520,崁頂,2026-06-15T18:00:00+08:00,26.1,93.0,1005.3,2.3,8.0,54.0,50
C0V720,林園,2026-06-15T18:00:00+08:00,,,,,,77.5,50
C0G720,溪州,2026-06-15T18:00:00+08:00,25.2,89.0,1002.9,4.4,172.0,14.0,0
C0K460,斗南,2026-06-15T18:00:00+08:00,24.8,99.0,1001.3,3.9,174.0,24.5,0
C0K400,斗六,2026-06-15T18:00:00+08:00,24.7,91.0,1002.2,2.5,168.0,19.0,0
C0M650,朴子,2026-06-15T18:00:00+08:00,24.0,98.0,1007.1,4.8,155.0,47.0,50
C0K410,北港,2026-06-15T18:00:00+08:00,24.6,95.0,1005.8,3.4,154.0,35.5,0
C0M680,太保,2026-06-15T18:00:00+08:00,24.2,100.0,1006.6,2.0,154.0,56.5,50
C0K470,林內,2026-06-15T18:00:00+08:00,24.5,96.0,997.9,0.9,134.0,20.5,0
C0G740,大城,2026-06-15T18:00:00+08:00,24.9,91.0,1006.2,4.3,157.0,25.0,0
C0M760,民雄,2026-06-15T18:00:00+08:00,24.5,96.0,1004.8,2.5,145.0,39.5,0
C0K450,大埤,2026-06-15T18:00:00+08:00,24.6,93.0,1004.4,3.7,197.0,29.0,0
C0K480,莿桐,2026-06-15T18:00:00+08:00,24.8,95.0,1002.3,3.0,167.0,20.0,0
C0K530,臺西,2026-06-15T18:00:00+08:00,24.7,95.0,1007.4,3.2,156.0,27.0,0
C0K510,水林,2026-06-15T18:00:00+08:00,24.9,98.0,1007.1,2.9,155.0,40.5,50
C0K500,元長,2026-06-15T18:00:00+08:00,24.9,93.0,1006.0,3.4,154.0,33.0,0
C0M750,布袋,2026-06-15T18:00:00+08:00,24.9,97.0,1007.8,4.1,141.0,58.0,50
C0M780,鹿草,2026-06-15T18:00:00+08:00,24.3,99.0,1006.2,2.2,151.0,52.0,50
C0M740,六腳,2026-06-15T18:00:00+08:00,24.4,97.0,1006.7,1.1,176.0,38.0,0
C0M790,新港,2026-06-15T18:00:00+08:00,24.5,97.0,1006.2,2.3,158.0,35.5,0
C0M770,梅山,2026-06-15T18:00:00+08:00,23.9,93.0,990.0,2.7,183.0,40.0,0
C0M820,達邦,2026-06-15T18:00:00+08:00,20.4,99.0,904.5,0.7,250.0,60.0,50
C0X300,鹿寮,2026-06-15T18:00:00+08:00,23.8,98.0,1001.4,0.8,107.0,12.5,0
C0M800,茶山,2026-06-15T18:00:00+08:00,22.6,100.0,961.9,0.0,0.0,84.5,50
C0K560,棋山,2026-06-15T18:00:00+08:00,24.9,100.0,996.4,0.3,71.0,27.5,0
C0K550,蔦松,2026-06-15T18:00:00+08:00,24.3,97.0,1007.6,1.1,131.0,40.5,50
C0X290,北門,2026-06-15T18:00:00+08:00,24.3,100.0,1008.0,3.6,138.0,73.0,50
12J990,口湖工作站,2026-06-15T18:00:00+08:00,24.6,97.0,1007.6,3.6,160.0,19.0,0
12Q970,東港工作站,2026-06-15T18:00:00+08:00,25.2,98.0,1007.5,1.7,350.0,,0
12Q980,恆春工作站,2026-06-15T18:00:00+08:00,28.6,90.0,1007.2,2.0,270.0,7.0,0
42HA10,萬大發電廠,2026-06-15T18:00:00+08:00,,,,0.5,270.0,22.0,0
466881,新北,2026-06-15T18:00:00+08:00,26.4,96.0,1004.2,1.0,130.0,0.5,0
466900,淡水,2026-06-15T18:00:00+08:00,27.1,74.0,1004.6,2.2,160.0,0.0,0
466910,鞍部,2026-06-15T18:00:00+08:00,20.9,93.0,916.6,1.5,150.0,1.0,0
466920,臺北,2026-06-15T18:00:00+08:00,27.2,83.0,1003.3,0.8,90.0,0.0,0
466930,陽明山,2026-06-15T18:00:00+08:00,23.0,83.0,939.9,1.2,360.0,0.5,0
466940,基隆,2026-06-15T18:00:00+08:00,27.7,80.0,1003.6,1.3,200.0,0.0,0
466950,彭佳嶼,2026-06-15T18:00:00+08:00,25.4,91.0,995.6,6.2,260.0,2.0,0
466990,花蓮,2026-06-15T18:00:00+08:00,26.0,94.0,1005.1,0.4,260.0,0.0,0
467050,新屋,2026-06-15T18:00:00+08:00,26.5,81.0,1004.0,4.1,230.0,2.0,0
467080,宜蘭,2026-06-15T18:00:00+08:00,26.2,96.0,1006.3,0.0,0.0,0.5,0
467110,金門,2026-06-15T18:00:00+08:00,25.6,98.0,1003.3,2.9,240.0,2.5,0
467270,田中,2026-06-15T18:00:00+08:00,25.5,92.0,1003.7,2.4,170.0,15.5,0
467280,後龍,2026-06-15T18:00:00+08:00,26.0,80.0,1002.6,4.8,220.0,6.0,0
467290,古坑,2026-06-15T18:00:00+08:00,24.5,92.0,998.2,3.4,190.0,35.5,0
467300,東吉島,2026-06-15T18:00:00+08:00,25.5,95.0,1003.4,7.0,160.0,80.5,50
467350,澎湖,2026-06-15T18:00:00+08:00,25.5,96.0,1006.7,4.7,150.0,55.5,50
467410,臺南,2026-06-15T18:00:00+08:00,24.9,96.0,1006.6,2.7,120.0,111.0,50
467420,永康,2026-06-15T18:00:00+08:00,24.9,96.0,1008.1,3.2,120.0,118.0,50
467441,高雄,2026-06-15T18:00:00+08:00,24.7,99.0,1008.4,0.4,300.0,114.0,50
467480,嘉義,2026-06-15T18:00:00+08:00,24.9,95.0,1005.6,3.0,160.0,51.5,50
467490,臺中,2026-06-15T18:00:00+08:00,25.3,89.0,998.9,0.5,200.0,18.0,0
467530,阿里山,2026-06-15T18:00:00+08:00,12.9,100.0,764.0,0.9,40.0,96.5,50
467540,大武,2026-06-15T18:00:00+08:00,27.6,80.0,1006.5,1.8,200.0,1.0,0
467550,玉山,2026-06-15T18:00:00+08:00,6.2,100.0,644.2,5.2,280.0,83.5,50
467571,新竹,2026-06-15T18:00:00+08:00,25.4,88.0,1003.2,0.3,140.0,3.0,0
467590,恆春,2026-06-15T18:00:00+08:00,28.9,89.0,1005.9,2.6,250.0,12.5,0
467610,成功,2026-06-15T18:00:00+08:00,26.5,94.0,1002.0,2.1,30.0,3.0,0
467620,蘭嶼,2026-06-15T18:00:00+08:00,26.1,99.0,972.3,9.8,240.0,0.0,0
467650,日月潭,2026-06-15T18:00:00+08:00,19.9,99.0,899.5,2.4,120.0,17.5,0
467660,臺東,2026-06-15T18:00:00+08:00,28.3,80.0,1005.5,1.1,230.0,4.0,0
467990,馬祖,2026-06-15T18:00:00+08:00,22.7,99.0,996.8,3.8,360.0,15.0,0
468100,東沙島,2026-06-15T18:00:00+08:00,,,,,,,0
469020,南沙島,2026-06-15T18:00:00+08:00,,,,,,,0
72AI40,桃改樹林分場,2026-06-15T18:00:00+08:00,25.3,91.0,1003.5,0.0,0.0,0.0,0
72C440,桃園農改,2026-06-15T18:00:00+08:00,25.8,83.0,1002.3,1.7,230.0,2.0,0
72D080,桃改五峰分場,2026-06-15T18:00:00+08:00,19.6,95.0,893.6,1.5,100.0,5.0,0
72D680,桃改新埔分場,2026-06-15T18:00:00+08:00,24.8,88.0,997.0,0.6,120.0,0.5,0
72G600,臺中農改,2026-06-15T18:00:00+08:00,25.8,89.0,1006.9,1.5,160.0,6.5,0
72HA00,中改埔里分場,2026-06-15T18:00:00+08:00,22.3,99.0,939.9,,,17.0,0
72K220,南改斗南分場,2026-06-15T18:00:00+08:00,24.6,96.0,1004.6,2.8,170.0,25.0,0
72M360,南改義竹分場,2026-06-15T18:00:00+08:00,24.2,96.0,1008.0,3.2,140.0,60.5,50
72M700,南改鹿草分場,2026-06-15T18:00:00+08:00,24.3,99.0,1008.0,2.0,150.0,51.5,50
72N100,臺南農改,2026-06-15T18:00:00+08:00,24.2,99.0,1005.9,,,,0
72N240,七股研究中心,2026-06-15T18:00:00+08:00,24.6,99.0,1008.8,3.5,120.0,97.0,50
72Q010,高雄農改,2026-06-15T18:00:00+08:00,24.3,99.0,1005.6,2.5,350.0,,0
72S200,東改班鳩分場,2026-06-15T18:00:00+08:00,24.1,93.0,978.5,1.6,240.0,,0
72S590,東改賓朗果園,2026-06-15T18:00:00+08:00,,,974.8,,,9.0,0
72T250,花蓮農改,2026-06-15T18:00:00+08:00,25.6,94.0,1002.9,0.7,360.0,0.0,0
72U480,花改蘭陽分場,2026-06-15T18:00:00+08:00,26.4,96.0,1004.4,0.8,170.0,0.0,0
72V140,高改旗南分場,2026-06-15T18:00:00+08:00,23.8,99.0,1005.1,2.6,340.0,,0
82A750,茶改北部分場,2026-06-15T18:00:00+08:00,24.4,95.0,962.1,0.4,190.0,0.5,0
82C160,茶改場,2026-06-15T18:00:00+08:00,24.7,79.0,984.1,0.9,200.0,2.0,0
82H320,茶改中部分場,2026-06-15T18:00:00+08:00,20.0,99.0,916.6,0.0,0.0,18.0,0
82H840,茶改南部分場,2026-06-15T18:00:00+08:00,23.3,99.0,964.3,0.3,80.0,23.0,0
82S580,茶改東部分場,2026-06-15T18:00:00+08:00,,,,,,,0
A0A010,臺灣大學,2026-06-15T18:00:00+08:00,26.9,83.0,1005.9,0.7,90.0,0.0,0
A0A460,文化大學,2026-06-15T18:00:00+08:00,24.7,78.0,960.0,1.0,340.0,0.4,0
A0F010,武陵,2026-06-15T18:00:00+08:00,16.4,94.0,823.0,3.2,120.0,10.5,0
A0G720,彰師大,2026-06-15T18:00:00+08:00,25.5,97.0,1003.9,0.1,0.0,19.5,0
A0K420,麥寮,2026-06-15T18:00:00+08:00,24.9,93.0,1005.4,4.2,170.0,16.5,0
A0W080,吉貝,2026-06-15T18:00:00+08:00,,,,,,,0
A0Z080,合歡山,2026-06-15T18:00:00+08:00,9.0,100.0,698.8,6.0,260.0,97.5,50
A2C560,農工中心,2026-06-15T18:00:00+08:00,26.0,78.0,994.3,0.6,220.0,0.0,0
A2K360,水試臺西試驗場,2026-06-15T18:00:00+08:00,,,1008.3,1.9,150.0,31.5,0
A2K570,古坑(花卉中心),2026-06-15T18:00:00+08:00,24.0,94.0,998.3,2.9,180.0,27.5,0
A2K630,雲林臺大,2026-06-15T18:00:00+08:00,24.6,99.0,1005.7,2.7,160.0,24.5,0
A2N290,蘭花園區,2026-06-15T18:00:00+08:00,24.2,99.0,1006.5,1.1,140.0,52.5,50
B2E890,畜試北區分所,2026-06-15T18:00:00+08:00,25.7,80.0,998.3,3.1,190.0,5.0,0
B2N890,畜試所,2026-06-15T18:00:00+08:00,23.8,99.0,1006.1,0.6,150.0,83.0,50
B2Q810,畜試南區分所,2026-06-15T18:00:00+08:00,28.0,88.0,1006.8,3.3,270.0,3.0,0
B2U990,畜試東區分所,2026-06-15T18:00:00+08:00,25.9,99.0,1006.7,0.0,0.0,1.0,0
C0FA30,梧棲,2026-06-15T18:00:00+08:00,25.7,93.0,1003.9,3.4,140.0,8.0,0
C2A540,四堵,2026-06-15T18:00:00+08:00,23.9,96.0,964.2,0.0,0.0,0.5,0
C2A560,福山,2026-06-15T18:00:00+08:00,23.7,96.0,962.6,0.0,0.0,0.5,0
C2A650,火燒寮,2026-06-15T18:00:00+08:00,24.9,94.0,976.5,0.1,0.0,0.0,0
C2A660,瑞芳,2026-06-15T18:00:00+08:00,26.1,88.0,996.0,0.2,0.0,0.0,0
C2A880,福隆,2026-06-15T18:00:00+08:00,25.9,91.0,1005.1,0.1,0.0,0.0,0
C2A920,富貴角,2026-06-15T18:00:00+08:00,26.7,69.0,984.7,2.2,250.0,0.0,0
C2AA10,中八仙,2026-06-15T18:00:00+08:00,26.6,83.0,1006.7,1.5,360.0,0.0,0
C2AK30,信賢,2026-06-15T18:00:00+08:00,24.2,98.0,969.5,0.2,10.0,0.5,0
C2AK40,漁光,2026-06-15T18:00:00+08:00,22.9,96.0,929.2,0.6,220.0,0.5,0
C2C410,中央大學,2026-06-15T18:00:00+08:00,25.3,85.0,992.0,1.8,160.0,0.5,0
C2C480,桃園,2026-06-15T18:00:00+08:00,26.3,82.0,996.1,0.5,50.0,1.0,0
C2C590,觀音,2026-06-15T18:00:00+08:00,25.3,85.0,998.5,2.1,200.0,0.5,0
C2C810,八德蔬果,2026-06-15T18:00:00+08:00,25.3,88.0,994.9,1.5,170.0,1.0,0
C2C830,中德,2026-06-15T18:00:00+08:00,25.5,86.0,994.8,1.9,180.0,0.5,0
C2D430,峨眉,2026-06-15T18:00:00+08:00,24.3,98.0,996.2,0.4,360.0,3.0,0
C2D480,打鐵坑,2026-06-15T18:00:00+08:00,23.6,97.0,981.6,0.5,130.0,2.5,0
C2D720,關西工作站,2026-06-15T18:00:00+08:00,24.5,97.0,987.9,0.4,320.0,3.5,0
C2D730,寶山農場,2026-06-15T18:00:00+08:00,24.5,93.0,997.3,0.1,0.0,4.0,0
C2D770,巨埔,2026-06-15T18:00:00+08:00,24.2,96.0,995.7,1.9,100.0,2.5,0
C2D790,石鹿,2026-06-15T18:00:00+08:00,18.1,79.0,824.0,2.3,160.0,2.5,0
C2E420,竹南,2026-06-15T18:00:00+08:00,26.0,80.0,1002.8,0.9,200.0,5.0,0
C2E430,南庄,2026-06-15T18:00:00+08:00,23.3,96.0,981.5,0.6,70.0,3.5,0
C2E520,大湖,2026-06-15T18:00:00+08:00,22.9,96.0,972.8,1.0,140.0,21.5,0
C2E540,龍溪,2026-06-15T18:00:00+08:00,23.9,89.0,1004.0,1.8,220.0,6.5,0
C2E880,三義,2026-06-15T18:00:00+08:00,22.5,92.0,951.2,4.3,160.0,20.0,0
C2E970,八甲,2026-06-15T18:00:00+08:00,25.5,80.0,987.5,2.6,200.0,5.0,0
C2E980,和興,2026-06-15T18:00:00+08:00,22.8,83.0,936.2,4.9,200.0,9.5,0
C2E990,新坪頂,2026-06-15T18:00:00+08:00,23.4,82.0,947.0,2.6,230.0,20.5,0
C2EA10,拉庫斯,2026-06-15T18:00:00+08:00,21.0,79.0,881.3,4.2,20.0,20.0,0
C2F000,大肚,2026-06-15T18:00:00+08:00,23.6,98.0,978.3,0.5,140.0,25.5,0
C2F860,梨山,2026-06-15T18:00:00+08:00,13.5,99.0,781.4,4.4,210.0,41.5,50
C2F930,大甲,2026-06-15T18:00:00+08:00,24.7,92.0,998.1,0.5,140.0,12.5,0
C2F990,摩天嶺,2026-06-15T18:00:00+08:00,21.8,79.0,898.2,4.7,150.0,17.0,0
C2F9A0,中竹林,2026-06-15T18:00:00+08:00,23.1,92.0,962.9,0.6,210.0,19.5,0
C2FA00,烏石坑,2026-06-15T18:00:00+08:00,20.9,85.0,901.5,1.7,100.0,45.0,50
C2FB50,出雲,2026-06-15T18:00:00+08:00,18.6,96.0,893.5,4.5,190.0,27.0,0
C2FB60,頭櫃山,2026-06-15T18:00:00+08:00,18.4,100.0,887.1,2.9,130.0,34.0,0
C2G640,鹿港,2026-06-15T18:00:00+08:00,25.5,92.0,1008.7,2.1,140.0,16.5,0
C2G840,北斗,2026-06-15T18:00:00+08:00,25.3,92.0,1006.4,0.8,170.0,14.0,0
C2G870,芳苑,2026-06-15T18:00:00+08:00,25.3,92.0,1008.9,3.4,170.0,20.5,0
C2G980,田頭村,2026-06-15T18:00:00+08:00,25.1,93.0,1005.7,2.7,160.0,18.0,0
C2G9A0,畜試所彰化,2026-06-15T18:00:00+08:00,25.5,92.0,1004.0,1.2,200.0,18.5,0
C2G9C0,埔南,2026-06-15T18:00:00+08:00,26.0,89.0,1007.5,4.3,170.0,19.0,0
C2G9E0,移民庄,2026-06-15T18:00:00+08:00,25.5,92.0,1007.4,3.9,170.0,24.5,0
C2H950,中寮,2026-06-15T18:00:00+08:00,24.6,96.0,987.1,0.1,0.0,15.5,0
C2H9D0,三隻寮,2026-06-15T18:00:00+08:00,21.4,95.0,927.5,0.5,80.0,23.0,0
C2H9E0,國姓南港,2026-06-15T18:00:00+08:00,19.0,95.0,883.5,1.6,160.0,22.5,0
C2H9F0,柑林,2026-06-15T18:00:00+08:00,24.2,96.0,977.6,0.0,0.0,24.5,0
C2H9G0,百勝,2026-06-15T18:00:00+08:00,22.3,97.0,954.8,0.6,140.0,22.5,0
C2H9H0,苗改南投蜂場,2026-06-15T18:00:00+08:00,25.4,96.0,991.0,0.6,170.0,16.5,0
C2H9J0,中台,2026-06-15T18:00:00+08:00,22.9,96.0,950.8,0.6,180.0,21.0,0
C2H9K0,屯原,2026-06-15T18:00:00+08:00,14.1,100.0,798.9,5.9,220.0,36.5,0
C2H9L0,馬烈霸,2026-06-15T18:00:00+08:00,14.4,100.0,802.9,3.0,140.0,61.5,50
C2H9M0,發祥,2026-06-15T18:00:00+08:00,18.4,99.0,875.7,1.0,110.0,58.5,50
C2H9N0,仁愛東眼,2026-06-15T18:00:00+08:00,18.3,91.0,858.1,0.6,290.0,27.0,0
C2H9P0,伊拿谷,2026-06-15T18:00:00+08:00,21.1,97.0,911.4,0.6,60.0,15.5,0
C2H9Q0,北東眼山,2026-06-15T18:00:00+08:00,14.5,100.0,799.6,0.6,90.0,45.5,50
C2H9R0,卓社,2026-06-15T18:00:00+08:00,18.9,92.0,870.3,0.6,10.0,20.0,0
C2H9S0,龍南,2026-06-15T18:00:00+08:00,19.7,99.0,901.2,1.1,100.0,30.0,0
C2H9T0,名間竹圍,2026-06-15T18:00:00+08:00,24.1,90.0,974.4,1.8,200.0,17.5,0
C2H9U0,鳳鵬,2026-06-15T18:00:00+08:00,23.8,99.0,970.7,0.2,0.0,19.5,0
C2H9W0,大坪頂農水,2026-06-15T18:00:00+08:00,21.9,97.0,930.3,0.8,160.0,25.0,0
C2H9X0,福盛,2026-06-15T18:00:00+08:00,,,,,,,0
C2H9Y0,松茗,2026-06-15T18:00:00+08:00,23.1,93.0,962.8,2.4,190.0,18.0,0
C2I090,鳳凰,2026-06-15T18:00:00+08:00,20.4,97.0,912.5,0.6,200.0,25.0,0
C2I210,蘆竹湳,2026-06-15T18:00:00+08:00,23.0,84.0,946.9,1.4,140.0,22.0,0
C2I240,外大坪,2026-06-15T18:00:00+08:00,21.5,100.0,931.0,0.8,100.0,18.5,0
C2I260,北坑,2026-06-15T18:00:00+08:00,22.9,97.0,944.5,0.5,80.0,16.0,0
C2K240,草嶺,2026-06-15T18:00:00+08:00,18.6,100.0,887.9,3.7,130.0,32.0,0
C2K250,崙背,2026-06-15T18:00:00+08:00,24.5,98.0,1007.4,5.0,170.0,22.0,0
C2K280,四湖,2026-06-15T18:00:00+08:00,24.5,99.0,1008.9,1.8,180.0,30.5,0
C2K290,崙內,2026-06-15T18:00:00+08:00,24.9,95.0,1007.1,2.7,180.0,26.0,0
C2K301,鹿南,2026-06-15T18:00:00+08:00,,,,,,,0
C2K310,港尾布雞,2026-06-15T18:00:00+08:00,24.9,94.0,1006.7,4.1,170.0,21.0,0
C2K610,草嶺石壁,2026-06-15T18:00:00+08:00,19.0,96.0,886.3,0.6,330.0,36.0,0
C2K620,馬光農場,2026-06-15T18:00:00+08:00,24.8,96.0,1006.6,2.7,160.0,25.5,0
C2K630,荷苞,2026-06-15T18:00:00+08:00,24.3,90.0,991.0,0.8,120.0,34.5,0
C2M410,馬頭山,2026-06-15T18:00:00+08:00,23.5,100.0,978.3,0.1,0.0,63.0,50
C2M530,奮起湖,2026-06-15T18:00:00+08:00,18.1,99.0,867.4,0.5,300.0,61.0,50
C2M620,瑞里,2026-06-15T18:00:00+08:00,18.3,100.0,875.8,1.3,140.0,56.5,50
C2M810,里佳,2026-06-15T18:00:00+08:00,18.3,99.0,865.3,1.3,80.0,70.5,50
C2M910,嘉義大學,2026-06-15T18:00:00+08:00,24.3,96.0,1002.1,0.6,170.0,53.5,50
C2M920,朴子農改,2026-06-15T18:00:00+08:00,24.5,94.0,1008.2,3.2,150.0,40.5,50
C2M930,石卓,2026-06-15T18:00:00+08:00,17.3,99.0,847.7,3.2,140.0,55.5,50
C2M940,日野賀,2026-06-15T18:00:00+08:00,18.8,98.0,891.5,0.2,0.0,65.5,50
C2M950,太和,2026-06-15T18:00:00+08:00,18.1,98.0,866.0,3.2,180.0,42.0,50
C2M960,外寮,2026-06-15T18:00:00+08:00,19.1,99.0,888.3,4.1,160.0,38.5,0
C2M970,碧湖,2026-06-15T18:00:00+08:00,19.3,100.0,898.1,4.3,180.0,40.0,0
C2M980,安和,2026-06-15T18:00:00+08:00,24.4,97.0,1006.6,2.5,150.0,33.5,0
C2M990,大巃頂,2026-06-15T18:00:00+08:00,19.3,99.0,899.0,2.5,160.0,59.5,50
C2M9A0,大華,2026-06-15T18:00:00+08:00,19.4,99.0,901.4,0.7,320.0,58.0,50
C2M9B0,西興,2026-06-15T18:00:00+08:00,22.2,99.0,959.0,1.0,20.0,84.0,50
C2M9C0,紫雲,2026-06-15T18:00:00+08:00,24.0,98.0,998.0,1.4,140.0,48.0,50
C2M9D0,何竹子腳,2026-06-15T18:00:00+08:00,24.8,96.0,1007.3,3.6,160.0,31.5,0
C2M9E0,旺來山,2026-06-15T18:00:00+08:00,24.0,95.0,994.8,4.1,160.0,,0
C2M9F0,安溪寮,2026-06-15T18:00:00+08:00,24.4,98.0,1009.0,1.7,140.0,60.5,50
C2M9G0,沄水,2026-06-15T18:00:00+08:00,23.7,99.0,990.4,1.2,110.0,55.5,50
C2N160,西拉雅風管處,2026-06-15T18:00:00+08:00,24.1,98.0,1005.8,1.8,110.0,75.5,50
C2N170,茅港尾,2026-06-15T18:00:00+08:00,24.3,99.0,1008.6,1.8,130.0,91.5,50
C2N180,鹿陶洋,2026-06-15T18:00:00+08:00,24.1,99.0,1000.8,0.8,110.0,72.5,50
C2N190,烏樹,2026-06-15T18:00:00+08:00,24.4,99.0,1007.0,1.8,120.0,71.5,50
C2N200,口宵里,2026-06-15T18:00:00+08:00,23.3,100.0,981.0,1.1,70.0,88.5,50
C2N210,岩坑,2026-06-15T18:00:00+08:00,23.7,98.0,992.3,0.9,100.0,55.5,50
C2O810,曾文,2026-06-15T18:00:00+08:00,23.6,98.0,993.0,0.6,10.0,76.5,50
C2O850,環湖,2026-06-15T18:00:00+08:00,24.2,96.0,1003.0,1.9,120.0,83.5,50
C2O880,南化,2026-06-15T18:00:00+08:00,23.3,100.0,978.6,0.9,50.0,74.0,50
C2O930,玉井,2026-06-15T18:00:00+08:00,24.0,100.0,1002.8,0.6,50.0,73.5,50
C2O950,安南,2026-06-15T18:00:00+08:00,24.8,100.0,1009.1,0.5,100.0,116.5,50
C2R170,屏東,2026-06-15T18:00:00+08:00,24.5,99.0,1007.2,0.5,320.0,65.5,50
C2R240,萬巒,2026-06-15T18:00:00+08:00,25.3,98.0,999.4,0.7,340.0,71.0,50
C2R260,春日,2026-06-15T18:00:00+08:00,25.9,95.0,1000.2,0.5,100.0,26.0,0
C2R490,九如,2026-06-15T18:00:00+08:00,24.3,97.0,1004.0,4.2,340.0,63.0,50
C2R550,新埤,2026-06-15T18:00:00+08:00,26.3,96.0,1005.1,1.4,290.0,55.5,50
C2R970,屏科大,2026-06-15T18:00:00+08:00,24.5,98.0,995.6,1.5,320.0,92.5,50
C2R980,竹田國中,2026-06-15T18:00:00+08:00,25.1,96.0,1006.2,2.9,320.0,51.0,50
C2R990,泰武,2026-06-15T18:00:00+08:00,21.1,99.0,906.8,0.8,340.0,106.5,50
C2R9A0,高士國小,2026-06-15T18:00:00+08:00,26.7,92.0,989.5,1.4,40.0,7.0,0
C2RA10,大新,2026-06-15T18:00:00+08:00,24.2,96.0,1004.3,3.1,310.0,48.0,50
C2S800,華源,2026-06-15T18:00:00+08:00,25.8,95.0,998.0,0.9,310.0,8.0,0
C2S890,關山,2026-06-15T18:00:00+08:00,25.0,96.0,982.7,0.3,80.0,6.0,0
C2S9A0,北份子寮,2026-06-15T18:00:00+08:00,26.0,89.0,995.1,1.1,330.0,9.0,0
C2S9B0,利吉,2026-06-15T18:00:00+08:00,25.1,96.0,989.0,0.9,330.0,7.5,0
C2SA40,瑞和,2026-06-15T18:00:00+08:00,25.2,95.0,985.1,0.6,300.0,7.0,0
C2SD50,順那,2026-06-15T18:00:00+08:00,25.6,96.0,990.8,0.4,80.0,4.5,0
C2SD60,明峰,2026-06-15T18:00:00+08:00,24.1,98.0,974.4,1.4,10.0,9.5,0
C2SD70,二層坪,2026-06-15T18:00:00+08:00,24.9,95.0,984.2,0.7,100.0,8.0,0
C2SD80,再來山,2026-06-15T18:00:00+08:00,24.6,94.0,983.4,1.2,290.0,2.0,0
C2TA60,六十石,2026-06-15T18:00:00+08:00,21.4,86.0,906.9,3.0,260.0,3.5,0
C2TA70,赤科坪,2026-06-15T18:00:00+08:00,22.0,83.0,912.0,0.9,140.0,3.0,0
C2TA90,加納納,2026-06-15T18:00:00+08:00,24.7,96.0,982.0,0.8,60.0,4.5,0
C2TB30,吉安,2026-06-15T18:00:00+08:00,25.8,96.0,,0.2,40.0,1.5,0
C2TB50,麻汝,2026-06-15T18:00:00+08:00,24.5,95.0,979.7,1.1,100.0,4.0,0
C2TB60,南安,2026-06-15T18:00:00+08:00,24.9,95.0,984.4,0.6,300.0,5.5,0
C2TB70,達谷寮,2026-06-15T18:00:00+08:00,25.3,92.0,991.0,1.1,130.0,4.0,0
C2TB80,庄子底,2026-06-15T18:00:00+08:00,25.4,95.0,997.0,0.5,110.0,2.0,0
C2TB90,長橋,2026-06-15T18:00:00+08:00,25.5,97.0,995.4,0.2,210.0,2.0,0
C2UC10,出水溪,2026-06-15T18:00:00+08:00,23.1,95.0,946.3,1.0,300.0,1.5,0
C2UC20,長嶺,2026-06-15T18:00:00+08:00,23.6,97.0,958.7,1.0,70.0,0.5,0
C2UC30,金洋,2026-06-15T18:00:00+08:00,24.7,98.0,995.4,0.3,180.0,3.0,0
C2UC40,中城,2026-06-15T18:00:00+08:00,24.5,93.0,1003.9,0.7,190.0,1.0,0
C2V250,甲仙,2026-06-15T18:00:00+08:00,22.7,100.0,976.5,0.6,100.0,82.5,50
C2V260,月眉,2026-06-15T18:00:00+08:00,23.8,99.0,997.1,0.5,130.0,119.0,50
C2V310,美濃,2026-06-15T18:00:00+08:00,23.9,100.0,1004.2,3.4,350.0,107.0,50
C2V570,吉東,2026-06-15T18:00:00+08:00,24.0,99.0,1002.9,1.2,360.0,87.5,50
C2V580,瑞山,2026-06-15T18:00:00+08:00,23.7,100.0,996.0,0.5,360.0,115.0,50
C2V920,匏子寮,2026-06-15T18:00:00+08:00,23.3,100.0,986.8,1.5,110.0,86.5,50
C2W030,金門(東),2026-06-15T18:00:00+08:00,25.6,96.0,1004.7,3.0,200.0,3.0,0
C2W230,畜試所澎湖,2026-06-15T18:00:00+08:00,25.0,99.0,1004.2,2.0,150.0,44.5,50
C2X060,下營,2026-06-15T18:00:00+08:00,24.2,98.0,1008.7,2.2,120.0,82.0,50
CAA010,國一N013K,2026-06-15T18:00:00+08:00,27.8,84.0,1004.1,1.1,120.0,0.0,0
CAA020,國一S026K,2026-06-15T18:00:00+08:00,27.5,78.0,1004.2,0.9,70.0,0.0,0
CAA030,國三S010K,2026-06-15T18:00:00+08:00,26.3,82.0,1001.9,0.6,330.0,0.0,0
CAA040,國三S016K,2026-06-15T18:00:00+08:00,25.6,97.0,999.4,1.3,140.0,0.0,0
CAA050,國三S037K,2026-06-15T18:00:00+08:00,26.3,95.0,1001.7,0.9,80.0,0.5,0
CAA060,國三S042K,2026-06-15T18:00:00+08:00,26.0,96.0,1002.7,0.8,250.0,0.5,0
CAA070,國三N046K,2026-06-15T18:00:00+08:00,25.7,95.0,1002.2,1.5,280.0,1.0,0
CAA080,國三S054K,2026-06-15T18:00:00+08:00,25.0,94.0,,0.5,180.0,1.5,0
CAA090,國三甲005K,2026-06-15T18:00:00+08:00,26.5,93.0,1000.9,1.1,90.0,0.0,0
CAA990,國一N039K,2026-06-15T18:00:00+08:00,25.5,84.0,984.2,0.6,90.0,0.0,0
CAAD60,國五S005K,2026-06-15T18:00:00+08:00,25.5,91.0,990.7,0.4,30.0,0.0,0
CAAD70,國五S006K,2026-06-15T18:00:00+08:00,25.3,96.0,987.7,0.2,0.0,0.0,0
CAAD80,國五N008K,2026-06-15T18:00:00+08:00,25.5,98.0,983.5,0.6,160.0,0.0,0
CAAD90,國五N013K,2026-06-15T18:00:00+08:00,25.1,99.0,978.2,0.6,160.0,0.5,0
CAAH60,大安森林,2026-06-15T18:00:00+08:00,,,,,,,0
CAAK50,西濱N000K,2026-06-15T18:00:00+08:00,27.8,70.0,1003.0,1.4,160.0,0.0,0
CAB010,國一S001K,2026-06-15T18:00:00+08:00,26.3,90.0,1001.6,0.2,0.0,0.0,0
CAB020,國一S006K,2026-06-15T18:00:00+08:00,26.3,92.0,1001.4,0.8,330.0,0.0,0
CAB030,國三S004K,2026-06-15T18:00:00+08:00,25.8,89.0,995.5,0.5,200.0,0.0,0
CAB040,國三S007K,2026-06-15T18:00:00+08:00,25.8,97.0,998.4,0.5,340.0,0.0,0
CAB050,國三N002K,2026-06-15T18:00:00+08:00,26.3,91.0,999.0,0.4,160.0,0.0,0
CAC010,國一S072K,2026-06-15T18:00:00+08:00,24.7,90.0,983.2,1.5,160.0,2.5,0
CAC020,國二E009K,2026-06-15T18:00:00+08:00,26.2,85.0,,2.2,200.0,0.5,0
CAC030,國三N063K,2026-06-15T18:00:00+08:00,25.0,94.0,983.9,2.0,140.0,2.5,0
CAC040,拉拉山,2026-06-15T18:00:00+08:00,17.4,92.0,831.8,0.4,120.0,1.5,0
CAC050,西濱S023K,2026-06-15T18:00:00+08:00,26.3,80.0,1003.9,2.7,190.0,0.5,0
CAC060,西濱S032K,2026-06-15T18:00:00+08:00,,,,,,,0
CAC760,國一高架N063K,2026-06-15T18:00:00+08:00,25.1,87.0,987.2,1.3,190.0,0.0,0
CAC770,國三N072K,2026-06-15T18:00:00+08:00,23.7,97.0,971.5,1.0,90.0,3.0,0
CAD010,國一S105K,2026-06-15T18:00:00+08:00,25.6,86.0,1002.5,1.3,220.0,2.5,0
CAD020,國一N077K,2026-06-15T18:00:00+08:00,24.8,84.0,987.5,1.0,140.0,3.0,0
CAD030,國一S082K,2026-06-15T18:00:00+08:00,25.3,86.0,991.6,1.3,210.0,3.0,0
CAD040,國一S088K,2026-06-15T18:00:00+08:00,26.5,87.0,1001.9,1.1,150.0,2.0,0
CAD050,國一N094K,2026-06-15T18:00:00+08:00,25.5,81.0,998.6,1.1,140.0,2.5,0
CAD060,國一S098K,2026-06-15T18:00:00+08:00,24.7,92.0,998.2,0.8,150.0,3.0,0
CAD080,國三N085K,2026-06-15T18:00:00+08:00,24.0,99.0,987.5,0.5,100.0,4.0,0
CAD090,國三S103K,2026-06-15T18:00:00+08:00,25.0,89.0,995.0,1.1,220.0,3.0,0
CAD100,西濱N066K,2026-06-15T18:00:00+08:00,25.9,83.0,1003.6,1.6,230.0,3.5,0
CAD110,西濱S082K,2026-06-15T18:00:00+08:00,26.1,80.0,1004.9,3.5,210.0,3.5,0
CAD710,國三N077K,2026-06-15T18:00:00+08:00,24.0,99.0,981.7,0.8,50.0,3.0,0
CAE020,國一S114K,2026-06-15T18:00:00+08:00,25.7,82.0,1003.0,1.1,230.0,4.0,0
CAE030,國一S123K,2026-06-15T18:00:00+08:00,24.6,85.0,998.4,1.2,220.0,4.5,0
CAE040,國一S132K,2026-06-15T18:00:00+08:00,26.6,76.0,996.0,4.4,200.0,3.5,0
CAE050,國一S152K,2026-06-15T18:00:00+08:00,23.6,86.0,972.6,0.8,210.0,20.0,0
CAE060,國三N119K,2026-06-15T18:00:00+08:00,26.3,76.0,1004.5,4.5,240.0,5.0,0
CAE070,國三N151K,2026-06-15T18:00:00+08:00,25.8,83.0,999.2,3.4,180.0,7.0,0
CAE080,國三S140K,2026-06-15T18:00:00+08:00,25.5,80.0,1000.0,1.7,190.0,6.0,0
CAE090,國三S156K,2026-06-15T18:00:00+08:00,25.8,87.0,997.9,3.1,180.0,8.0,0
CAE100,西濱N107K,2026-06-15T18:00:00+08:00,25.7,81.0,1001.8,2.5,200.0,9.0,0
CAE110,西濱S129K,2026-06-15T18:00:00+08:00,26.5,79.0,1003.7,7.1,170.0,7.0,0
CAE560,國一S144K,2026-06-15T18:00:00+08:00,23.8,87.0,975.2,2.2,170.0,14.0,0
CAF010,國一N174K,2026-06-15T18:00:00+08:00,25.7,89.0,991.9,2.7,170.0,19.0,0
CAF020,國一S162K,2026-06-15T18:00:00+08:00,25.3,84.0,984.9,1.7,160.0,18.5,0
CAF030,國一S169K,2026-06-15T18:00:00+08:00,25.8,87.0,986.2,2.5,180.0,18.5,0
CAF040,國一S188K,2026-06-15T18:00:00+08:00,26.1,84.0,1003.2,1.8,160.0,18.5,0
CAF050,國三N208K,2026-06-15T18:00:00+08:00,26.0,94.0,999.7,3.7,190.0,10.5,0
CAF060,國三S168K,2026-06-15T18:00:00+08:00,25.5,84.0,995.2,3.0,130.0,11.0,0
CAF090,國四E5K,2026-06-15T18:00:00+08:00,25.0,94.0,993.2,2.7,130.0,17.0,0
CAF100,西濱N151K,2026-06-15T18:00:00+08:00,26.3,84.0,1006.9,2.5,180.0,,0
CAF950,國一N158K,2026-06-15T18:00:00+08:00,25.5,88.0,985.2,3.5,130.0,17.5,0
CAF960,國三S175K,2026-06-15T18:00:00+08:00,,,,,,,0
CAF980,國三N183K,2026-06-15T18:00:00+08:00,25.0,87.0,992.2,5.0,150.0,19.0,0
CAG010,國一N198K,2026-06-15T18:00:00+08:00,26.2,89.0,1006.2,3.2,190.0,20.5,0
CAG030,國一S207K,2026-06-15T18:00:00+08:00,26.0,89.0,1005.2,4.7,170.0,17.0,0
CAG040,國三N191K,2026-06-15T18:00:00+08:00,25.8,90.0,1006.7,4.3,160.0,18.0,0
CAG050,國三N196K,2026-06-15T18:00:00+08:00,,,,,,,0
CAG060,國三S202K,2026-06-15T18:00:00+08:00,25.8,92.0,1002.7,2.5,160.0,15.5,0
CAG070,西濱S173K,2026-06-15T18:00:00+08:00,25.8,90.0,1006.5,4.7,160.0,12.5,0
CAG080,西濱S189K,2026-06-15T18:00:00+08:00,25.6,90.0,1005.0,5.9,170.0,22.0,0
CAG090,西濱N210K,2026-06-15T18:00:00+08:00,25.0,92.0,1004.9,6.0,190.0,25.0,0
CAG100,王功漁港,2026-06-15T18:00:00+08:00,,,1008.0,6.2,170.0,9.5,0
CAH010,國三N223K,2026-06-15T18:00:00+08:00,25.7,88.0,996.7,2.2,170.0,11.0,0
CAH020,國三S217K,2026-06-15T18:00:00+08:00,25.8,90.0,998.2,2.5,180.0,11.5,0
CAHA00,消防署訓練中心,2026-06-15T18:00:00+08:00,25.1,95.0,989.5,0.2,0.0,16.0,0
CAJ010,國三N252K,2026-06-15T18:00:00+08:00,24.8,97.0,994.5,0.6,150.0,18.0,0
CAJ020,國一N234K,2026-06-15T18:00:00+08:00,25.0,91.0,1003.4,6.0,180.0,19.5,0
CAJ030,西濱N222K,2026-06-15T18:00:00+08:00,,,,,,,0
CAJ040,西濱S241K,2026-06-15T18:00:00+08:00,24.6,96.0,1006.3,5.5,160.0,25.0,0
CAJ050,海口故事園區,2026-06-15T18:00:00+08:00,,,,,,,0
CAL010,國一N250K,2026-06-15T18:00:00+08:00,24.8,98.0,1004.1,5.8,170.0,26.0,0
CAL020,國一S262K,2026-06-15T18:00:00+08:00,24.5,100.0,1004.6,3.9,140.0,54.0,50
CAL030,國一N268K,2026-06-15T18:00:00+08:00,24.5,100.0,1004.9,4.0,130.0,52.0,50
CAL040,國一N273K,2026-06-15T18:00:00+08:00,24.3,100.0,1005.0,2.4,140.0,52.0,50
CAL050,國三N279K,2026-06-15T18:00:00+08:00,23.8,97.0,996.5,3.1,180.0,45.0,50
CAL070,國三N295K,2026-06-15T18:00:00+08:00,24.0,99.0,998.6,2.5,130.0,58.0,50
CAL080,國三N303K,2026-06-15T18:00:00+08:00,24.2,98.0,1004.1,2.9,130.0,56.5,50
CAL090,西濱S257K,2026-06-15T18:00:00+08:00,24.6,97.0,1008.0,2.7,150.0,53.0,50
CAL100,西濱S267K,2026-06-15T18:00:00+08:00,24.8,96.0,1008.0,4.6,140.0,52.0,50
CAL110,布袋國中,2026-06-15T18:00:00+08:00,24.6,97.0,1008.2,3.3,110.0,46.5,50
CAM900,國三S290K,2026-06-15T18:00:00+08:00,23.8,100.0,1002.2,1.0,100.0,45.0,50
CAN010,國一N288K,2026-06-15T18:00:00+08:00,24.3,100.0,1006.2,3.2,160.0,53.0,50
CAN020,國一S306K,2026-06-15T18:00:00+08:00,24.3,92.0,1007.6,3.7,100.0,91.0,50
CAN040,國一N323K,2026-06-15T18:00:00+08:00,24.3,100.0,1006.4,2.9,110.0,106.0,50
CAN060,國三S311K,2026-06-15T18:00:00+08:00,24.3,90.0,1002.0,3.1,140.0,60.5,50
CAN070,國三S329K,2026-06-15T18:00:00+08:00,24.3,100.0,1002.9,3.5,120.0,67.5,50
CAN080,國三N336K,2026-06-15T18:00:00+08:00,24.0,100.0,1004.2,2.2,130.0,70.5,50
CAN090,國三S342K,2026-06-15T18:00:00+08:00,24.2,96.0,1004.9,3.7,100.0,80.5,50
CAN100,國三S366K,2026-06-15T18:00:00+08:00,23.5,99.0,1003.2,1.6,90.0,106.0,50
CAN110,西濱S280K,2026-06-15T18:00:00+08:00,24.8,97.0,1008.1,3.6,130.0,68.0,50
CAN120,西濱N304K,2026-06-15T18:00:00+08:00,24.7,99.0,1006.5,3.7,130.0,98.5,50
CAN130,水試所海水繁養殖中心,2026-06-15T18:00:00+08:00,24.6,99.0,1008.8,3.7,130.0,95.0,50
CAN140,六官養殖協會,2026-06-15T18:00:00+08:00,,,1008.2,2.6,110.0,80.5,50
CAN150,國一N315K,2026-06-15T18:00:00+08:00,24.5,100.0,1007.2,2.6,110.0,98.5,50
CAP010,國一S342K,2026-06-15T18:00:00+08:00,23.7,100.0,1005.6,0.6,20.0,123.0,50
CAP020,國一S346K,2026-06-15T18:00:00+08:00,23.8,99.0,1007.0,1.2,350.0,137.5,50
CAP030,國一N351K,2026-06-15T18:00:00+08:00,,,,,,,0
CAP040,國一N361K,2026-06-15T18:00:00+08:00,24.3,100.0,1007.1,1.5,320.0,97.5,50
CAP060,國三S385K,2026-06-15T18:00:00+08:00,24.3,97.0,998.9,0.9,300.0,93.5,50
CAP070,高雄燈塔,2026-06-15T18:00:00+08:00,24.2,98.0,1005.9,0.8,90.0,82.5,50
CAQ010,國三N425K,2026-06-15T18:00:00+08:00,25.3,98.0,1004.9,3.2,10.0,57.5,50
CAQ020,國三S415K,2026-06-15T18:00:00+08:00,24.8,97.0,1005.4,3.9,330.0,79.5,50
CAQ030,崎峰國小,2026-06-15T18:00:00+08:00,,,1008.2,2.6,10.0,33.0,0
CAUB30,國五S031K,2026-06-15T18:00:00+08:00,26.7,93.0,1006.1,0.8,250.0,0.0,0
CAUB40,國五S041K,2026-06-15T18:00:00+08:00,26.5,91.0,1004.0,0.6,220.0,0.0,0
CAUB50,國五S047K,2026-06-15T18:00:00+08:00,26.3,95.0,1004.1,0.6,150.0,1.0,0
CAV270,國一S336K,2026-06-15T18:00:00+08:00,23.8,100.0,1006.4,0.9,70.0,126.0,50
CAV280,國三S378K,2026-06-15T18:00:00+08:00,23.5,100.0,994.7,1.0,340.0,125.5,50
CAW010,東引,2026-06-15T18:00:00+08:00,23.8,98.0,1000.5,3.9,10.0,17.0,0
E2H360,蓮華池,2026-06-15T18:00:00+08:00,21.5,98.0,936.9,,,16.0,0
E2HA20,畢祿溪站,2026-06-15T18:00:00+08:00,13.8,99.0,786.9,0.0,0.0,28.5,0
E2K600,四湖植物園,2026-06-15T18:00:00+08:00,24.7,100.0,1008.3,0.5,130.0,32.0,0
E2P980,六龜林試,2026-06-15T18:00:00+08:00,22.8,99.0,980.6,0.6,60.0,65.5,50
E2P990,扇平林試,2026-06-15T18:00:00+08:00,,,,,,,0
E2S960,太麻里(2),2026-06-15T18:00:00+08:00,27.0,81.0,1004.4,2.3,260.0,4.5,0
E2S980,太麻里(1),2026-06-15T18:00:00+08:00,26.8,77.0,996.2,1.4,260.0,8.0,0
G2F820,農業試驗所,2026-06-15T18:00:00+08:00,,,,,,,0
G2L020,農試嘉義分所,2026-06-15T18:00:00+08:00,23.6,97.0,1000.9,3.0,130.0,43.5,50
G2M350,農試溪口農場,2026-06-15T18:00:00+08:00,24.7,95.0,1007.1,3.7,170.0,29.0,0
G2P820,農試鳳山分所,2026-06-15T18:00:00+08:00,24.0,99.0,1006.5,2.5,10.0,78.0,50
K2E360,苗栗農改,2026-06-15T18:00:00+08:00,25.9,74.0,994.1,3.8,210.0,6.0,0
K2E710,苗改生物防治研究中心,2026-06-15T18:00:00+08:00,22.9,94.0,975.7,1.7,160.0,,0
K2F750,種苗繁殖,2026-06-15T18:00:00+08:00,24.5,76.0,956.9,3.5,160.0,22.0,0
U2H480,臺大溪頭,2026-06-15T18:00:00+08:00,18.7,98.0,883.3,1.2,160.0,31.5,0
U2HA30,臺大和社,2026-06-15T18:00:00+08:00,21.1,99.0,924.1,0.0,0.0,23.5,0
U2HA40,臺大內茅埔,2026-06-15T18:00:00+08:00,22.2,99.0,953.1,0.3,160.0,18.0,0
U2HA50,臺大竹山,2026-06-15T18:00:00+08:00,,,,,,,0
V2K610,大庄合作社,2026-06-15T18:00:00+08:00,25.1,93.0,1007.0,1.7,170.0,20.0,0
V2K620,麥寮合作社,2026-06-15T18:00:00+08:00,24.8,96.0,,4.2,170.0,19.5,0
